order_key,order_id,product_key,customer_key,employee_key,shipper_key,order_date,required_date,shipped_date,shipping_timeline,unit_price,quantity,discount,sales_amount,total_order_freight,allocated_freight
1,10248,11,85,5,3,04/07/2013,01/08/2013,16/07/2013,Shipped Early,14,12,0,168,32.38,12.36
2,10248,42,85,5,3,04/07/2013,01/08/2013,16/07/2013,Shipped Early,9.8,10,0,98,32.38,7.21
3,10248,72,85,5,3,04/07/2013,01/08/2013,16/07/2013,Shipped Early,34.8,5,0,174,32.38,12.8
4,10249,14,79,6,1,05/07/2013,16/08/2013,10/07/2013,Shipped Early,18.6,9,0,167.4,11.61,1.04
5,10249,51,79,6,1,05/07/2013,16/08/2013,10/07/2013,Shipped Early,42.4,40,0,1696,11.61,10.57
6,10250,41,34,4,2,08/07/2013,05/08/2013,12/07/2013,Shipped Early,7.7,10,0,77,65.83,3.26
7,10250,51,34,4,2,08/07/2013,05/08/2013,12/07/2013,Shipped Early,42.4,35,0.15,1261.4,65.83,53.48
8,10250,65,34,4,2,08/07/2013,05/08/2013,12/07/2013,Shipped Early,16.8,15,0.15,214.2,65.83,9.08
9,10251,22,84,3,1,08/07/2013,05/08/2013,15/07/2013,Shipped Early,16.8,6,0.05,95.76,41.34,6.05
10,10251,57,84,3,1,08/07/2013,05/08/2013,15/07/2013,Shipped Early,15.6,15,0.05,222.3,41.34,14.05
11,10251,65,84,3,1,08/07/2013,05/08/2013,15/07/2013,Shipped Early,16.8,20,0,336,41.34,21.24
12,10252,20,76,4,2,09/07/2013,06/08/2013,11/07/2013,Shipped Early,64.8,40,0.05,2462.4,51.3,35.11
13,10252,33,76,4,2,09/07/2013,06/08/2013,11/07/2013,Shipped Early,2,25,0.05,47.5,51.3,0.68
14,10252,60,76,4,2,09/07/2013,06/08/2013,11/07/2013,Shipped Early,27.2,40,0,1088,51.3,15.51
15,10253,31,34,3,2,10/07/2013,24/07/2013,16/07/2013,Shipped Early,10,20,0,200,58.17,8.05
16,10253,39,34,3,2,10/07/2013,24/07/2013,16/07/2013,Shipped Early,14.4,42,0,604.8,58.17,24.35
17,10253,49,34,3,2,10/07/2013,24/07/2013,16/07/2013,Shipped Early,16,40,0,640,58.17,25.77
18,10254,24,14,5,2,11/07/2013,08/08/2013,23/07/2013,Shipped Early,3.6,15,0.15,45.9,22.98,1.89
19,10254,55,14,5,2,11/07/2013,08/08/2013,23/07/2013,Shipped Early,19.2,21,0.15,342.72,22.98,14.15
20,10254,74,14,5,2,11/07/2013,08/08/2013,23/07/2013,Shipped Early,8,21,0,168,22.98,6.94
21,10255,2,68,9,3,12/07/2013,09/08/2013,15/07/2013,Shipped Early,15.2,20,0,304,148.33,18.11
22,10255,16,68,9,3,12/07/2013,09/08/2013,15/07/2013,Shipped Early,13.9,35,0,486.5,148.33,28.98
23,10255,36,68,9,3,12/07/2013,09/08/2013,15/07/2013,Shipped Early,15.2,25,0,380,148.33,22.63
24,10255,59,68,9,3,12/07/2013,09/08/2013,15/07/2013,Shipped Early,44,30,0,1320,148.33,78.62
25,10256,53,88,3,2,15/07/2013,12/08/2013,17/07/2013,Shipped Early,26.2,15,0,393,13.97,10.6
26,10256,77,88,3,2,15/07/2013,12/08/2013,17/07/2013,Shipped Early,10.4,12,0,124.8,13.97,3.37
27,10257,27,35,4,3,16/07/2013,13/08/2013,22/07/2013,Shipped Early,35.1,25,0,877.5,81.91,64.18
28,10257,39,35,4,3,16/07/2013,13/08/2013,22/07/2013,Shipped Early,14.4,6,0,86.4,81.91,6.32
29,10257,77,35,4,3,16/07/2013,13/08/2013,22/07/2013,Shipped Early,10.4,15,0,156,81.91,11.41
30,10258,2,20,1,1,17/07/2013,14/08/2013,23/07/2013,Shipped Early,15.2,50,0.2,608,140.51,52.9
31,10258,5,20,1,1,17/07/2013,14/08/2013,23/07/2013,Shipped Early,17,65,0.2,884,140.51,76.92
32,10258,32,20,1,1,17/07/2013,14/08/2013,23/07/2013,Shipped Early,25.6,6,0.2,122.88,140.51,10.69
33,10259,21,13,4,3,18/07/2013,15/08/2013,25/07/2013,Shipped Early,8,10,0,80,3.25,2.58
34,10259,37,13,4,3,18/07/2013,15/08/2013,25/07/2013,Shipped Early,20.8,1,0,20.8,3.25,0.67
35,10260,41,56,4,1,19/07/2013,16/08/2013,29/07/2013,Shipped Early,7.7,16,0.25,92.4,55.09,3.38
36,10260,57,56,4,1,19/07/2013,16/08/2013,29/07/2013,Shipped Early,15.6,50,0,780,55.09,28.56
37,10260,62,56,4,1,19/07/2013,16/08/2013,29/07/2013,Shipped Early,39.4,15,0.25,443.25,55.09,16.23
38,10260,70,56,4,1,19/07/2013,16/08/2013,29/07/2013,Shipped Early,12,21,0.25,189,55.09,6.92
39,10261,21,61,4,2,19/07/2013,16/08/2013,30/07/2013,Shipped Early,8,20,0,160,3.05,1.09
40,10261,35,61,4,2,19/07/2013,16/08/2013,30/07/2013,Shipped Early,14.4,20,0,288,3.05,1.96
41,10262,5,65,8,3,22/07/2013,19/08/2013,25/07/2013,Shipped Early,17,12,0.2,163.2,48.29,13.49
42,10262,7,65,8,3,22/07/2013,19/08/2013,25/07/2013,Shipped Early,24,15,0,360,48.29,29.77
43,10262,56,65,8,3,22/07/2013,19/08/2013,25/07/2013,Shipped Early,30.4,2,0,60.8,48.29,5.03
44,10263,16,20,9,3,23/07/2013,20/08/2013,31/07/2013,Shipped Early,13.9,60,0.25,625.5,146.06,48.76
45,10263,24,20,9,3,23/07/2013,20/08/2013,31/07/2013,Shipped Early,3.6,28,0,100.8,146.06,7.86
46,10263,30,20,9,3,23/07/2013,20/08/2013,31/07/2013,Shipped Early,20.7,60,0.25,931.5,146.06,72.61
47,10263,74,20,9,3,23/07/2013,20/08/2013,31/07/2013,Shipped Early,8,36,0.25,216,146.06,16.84
48,10264,2,24,6,3,24/07/2013,21/08/2013,23/08/2013,Shipping Delayed,15.2,35,0,532,3.67,2.81
49,10264,41,24,6,3,24/07/2013,21/08/2013,23/08/2013,Shipping Delayed,7.7,25,0.15,163.63,3.67,0.86
50,10265,17,7,2,1,25/07/2013,22/08/2013,12/08/2013,Shipped Early,31.2,30,0,936,55.28,44
51,10265,70,7,2,1,25/07/2013,22/08/2013,12/08/2013,Shipped Early,12,20,0,240,55.28,11.28
52,10266,12,87,3,3,26/07/2013,06/09/2013,31/07/2013,Shipped Early,30.4,12,0.05,346.56,25.73,25.73
53,10267,40,25,4,1,29/07/2013,26/08/2013,06/08/2013,Shipped Early,14.7,50,0,735,208.58,43.35
54,10267,59,25,4,1,29/07/2013,26/08/2013,06/08/2013,Shipped Early,44,70,0.15,2618,208.58,154.4
55,10267,76,25,4,1,29/07/2013,26/08/2013,06/08/2013,Shipped Early,14.4,15,0.15,183.6,208.58,10.83
56,10268,29,33,8,3,30/07/2013,27/08/2013,02/08/2013,Shipped Early,99,10,0,990,66.29,59.6
57,10268,72,33,8,3,30/07/2013,27/08/2013,02/08/2013,Shipped Early,27.8,4,0,111.2,66.29,6.69
58,10269,33,89,5,1,31/07/2013,14/08/2013,09/08/2013,Shipped Early,2,60,0.05,114,4.56,0.81
59,10269,72,89,5,1,31/07/2013,14/08/2013,09/08/2013,Shipped Early,27.8,20,0.05,528.2,4.56,3.75
60,10270,36,87,1,1,01/08/2013,29/08/2013,02/08/2013,Shipped Early,15.2,30,0,456,136.54,45.25
61,10270,43,87,1,1,01/08/2013,29/08/2013,02/08/2013,Shipped Early,36.8,25,0,920,136.54,91.29
62,10271,33,75,6,2,01/08/2013,29/08/2013,30/08/2013,Shipping Delayed,2,24,0,48,4.54,4.54
63,10272,20,65,6,2,02/08/2013,30/08/2013,06/08/2013,Shipped Early,64.8,6,0,388.8,98.03,26.18
64,10272,31,65,6,2,02/08/2013,30/08/2013,06/08/2013,Shipped Early,10,40,0,400,98.03,26.93
65,10272,72,65,6,2,02/08/2013,30/08/2013,06/08/2013,Shipped Early,27.8,24,0,667.2,98.03,44.92
66,10273,10,63,3,3,05/08/2013,02/09/2013,12/08/2013,Shipped Early,24.8,24,0.05,565.44,76.07,21.11
67,10273,31,63,3,3,05/08/2013,02/09/2013,12/08/2013,Shipped Early,10,15,0.05,142.5,76.07,5.32
68,10273,33,63,3,3,05/08/2013,02/09/2013,12/08/2013,Shipped Early,2,20,0,40,76.07,1.49
69,10273,40,63,3,3,05/08/2013,02/09/2013,12/08/2013,Shipped Early,14.7,60,0.05,837.9,76.07,31.29
70,10273,76,63,3,3,05/08/2013,02/09/2013,12/08/2013,Shipped Early,14.4,33,0.05,451.44,76.07,16.86
71,10274,71,85,6,1,06/08/2013,03/09/2013,16/08/2013,Shipped Early,17.2,20,0,344,6.01,3.84
72,10274,72,85,6,1,06/08/2013,03/09/2013,16/08/2013,Shipped Early,27.8,7,0,194.6,6.01,2.17
73,10275,24,49,1,1,07/08/2013,04/09/2013,09/08/2013,Shipped Early,3.6,12,0.05,41.04,26.93,3.79
74,10275,59,49,1,1,07/08/2013,04/09/2013,09/08/2013,Shipped Early,44,6,0.05,250.8,26.93,23.14
75,10276,10,80,8,3,08/08/2013,22/08/2013,14/08/2013,Shipped Early,24.8,15,0,372,13.84,12.26
76,10276,13,80,8,3,08/08/2013,22/08/2013,14/08/2013,Shipped Early,4.8,10,0,48,13.84,1.58
77,10277,28,52,2,3,09/08/2013,06/09/2013,13/08/2013,Shipped Early,36.4,20,0,728,125.77,76.25
78,10277,62,52,2,3,09/08/2013,06/09/2013,13/08/2013,Shipped Early,39.4,12,0,472.8,125.77,49.52
79,10278,44,5,8,2,12/08/2013,09/09/2013,16/08/2013,Shipped Early,15.5,16,0,248,92.69,15.44
80,10278,59,5,8,2,12/08/2013,09/09/2013,16/08/2013,Shipped Early,44,15,0,660,92.69,41.09
81,10278,63,5,8,2,12/08/2013,09/09/2013,16/08/2013,Shipped Early,35.1,8,0,280.8,92.69,17.48
82,10278,73,5,8,2,12/08/2013,09/09/2013,16/08/2013,Shipped Early,12,25,0,300,92.69,18.68
83,10279,17,44,8,2,13/08/2013,10/09/2013,16/08/2013,Shipped Early,31.2,15,0.25,351,25.83,25.83
84,10280,24,5,2,1,14/08/2013,11/09/2013,12/09/2013,Shipping Delayed,3.6,12,0,43.2,8.98,0.63
85,10280,55,5,2,1,14/08/2013,11/09/2013,12/09/2013,Shipping Delayed,19.2,20,0,384,8.98,5.62
86,10280,75,5,2,1,14/08/2013,11/09/2013,12/09/2013,Shipping Delayed,6.2,30,0,186,8.98,2.72
87,10281,19,69,4,1,14/08/2013,28/08/2013,21/08/2013,Shipped Early,7.3,1,0,7.3,2.94,0.25
88,10281,24,69,4,1,14/08/2013,28/08/2013,21/08/2013,Shipped Early,3.6,6,0,21.6,2.94,0.73
89,10281,35,69,4,1,14/08/2013,28/08/2013,21/08/2013,Shipped Early,14.4,4,0,57.6,2.94,1.96
90,10282,30,69,4,1,15/08/2013,12/09/2013,21/08/2013,Shipped Early,20.7,6,0,124.2,12.69,10.14
91,10282,57,69,4,1,15/08/2013,12/09/2013,21/08/2013,Shipped Early,15.6,2,0,31.2,12.69,2.55
92,10283,15,46,3,3,16/08/2013,13/09/2013,23/08/2013,Shipped Early,12.4,20,0,248,84.81,14.87
93,10283,19,46,3,3,16/08/2013,13/09/2013,23/08/2013,Shipped Early,7.3,18,0,131.4,84.81,7.88
94,10283,60,46,3,3,16/08/2013,13/09/2013,23/08/2013,Shipped Early,27.2,35,0,952,84.81,57.07
95,10283,72,46,3,3,16/08/2013,13/09/2013,23/08/2013,Shipped Early,27.8,3,0,83.4,84.81,5
96,10284,27,44,4,1,19/08/2013,16/09/2013,27/08/2013,Shipped Early,35.1,15,0.25,394.88,76.56,25.83
97,10284,44,44,4,1,19/08/2013,16/09/2013,27/08/2013,Shipped Early,15.5,21,0,325.5,76.56,21.29
98,10284,60,44,4,1,19/08/2013,16/09/2013,27/08/2013,Shipped Early,27.2,20,0.25,408,76.56,26.69
99,10284,67,44,4,1,19/08/2013,16/09/2013,27/08/2013,Shipped Early,11.2,5,0.25,42,76.56,2.75
100,10285,1,63,1,2,20/08/2013,17/09/2013,26/08/2013,Shipped Early,14.4,45,0.2,518.4,76.83,22.85
101,10285,40,63,1,2,20/08/2013,17/09/2013,26/08/2013,Shipped Early,14.7,40,0.2,470.4,76.83,20.73
102,10285,53,63,1,2,20/08/2013,17/09/2013,26/08/2013,Shipped Early,26.2,36,0.2,754.56,76.83,33.25
103,10286,35,63,8,3,21/08/2013,18/09/2013,30/08/2013,Shipped Early,14.4,100,0,1440,229.24,109.45
104,10286,62,63,8,3,21/08/2013,18/09/2013,30/08/2013,Shipped Early,39.4,40,0,1576,229.24,119.79
105,10287,16,67,8,3,22/08/2013,19/09/2013,28/08/2013,Shipped Early,13.9,40,0.15,472.6,12.76,7.36
106,10287,34,67,8,3,22/08/2013,19/09/2013,28/08/2013,Shipped Early,11.2,20,0,224,12.76,3.49
107,10287,46,67,8,3,22/08/2013,19/09/2013,28/08/2013,Shipped Early,9.6,15,0.15,122.4,12.76,1.91
108,10288,54,66,4,1,23/08/2013,20/09/2013,03/09/2013,Shipped Early,5.9,10,0.1,53.1,7.45,4.94
109,10288,68,66,4,1,23/08/2013,20/09/2013,03/09/2013,Shipped Early,10,3,0.1,27,7.45,2.51
110,10289,3,11,7,3,26/08/2013,23/09/2013,28/08/2013,Shipped Early,8,30,0,240,22.77,11.4
111,10289,64,11,7,3,26/08/2013,23/09/2013,28/08/2013,Shipped Early,26.6,9,0,239.4,22.77,11.37
112,10290,5,15,8,1,27/08/2013,24/09/2013,03/09/2013,Shipped Early,17,20,0,340,79.7,12.49
113,10290,29,15,8,1,27/08/2013,24/09/2013,03/09/2013,Shipped Early,99,15,0,1485,79.7,54.57
114,10290,49,15,8,1,27/08/2013,24/09/2013,03/09/2013,Shipped Early,16,15,0,240,79.7,8.82
115,10290,77,15,8,1,27/08/2013,24/09/2013,03/09/2013,Shipped Early,10.4,10,0,104,79.7,3.82
116,10291,13,61,6,2,27/08/2013,24/09/2013,04/09/2013,Shipped Early,4.8,20,0.1,86.4,6.4,1.11
117,10291,44,61,6,2,27/08/2013,24/09/2013,04/09/2013,Shipped Early,15.5,24,0.1,334.8,6.4,4.31
118,10291,51,61,6,2,27/08/2013,24/09/2013,04/09/2013,Shipped Early,42.4,2,0.1,76.32,6.4,0.98
119,10292,20,81,1,2,28/08/2013,25/09/2013,02/09/2013,Shipped Early,64.8,20,0,1296,1.35,1.35
120,10293,18,80,1,3,29/08/2013,26/09/2013,11/09/2013,Shipped Early,50,12,0,600,21.18,14.97
121,10293,24,80,1,3,29/08/2013,26/09/2013,11/09/2013,Shipped Early,3.6,10,0,36,21.18,0.9
122,10293,63,80,1,3,29/08/2013,26/09/2013,11/09/2013,Shipped Early,35.1,5,0,175.5,21.18,4.38
123,10293,75,80,1,3,29/08/2013,26/09/2013,11/09/2013,Shipped Early,6.2,6,0,37.2,21.18,0.93
124,10294,1,65,4,2,30/08/2013,27/09/2013,05/09/2013,Shipped Early,14.4,18,0,259.2,147.26,20.22
125,10294,17,65,4,2,30/08/2013,27/09/2013,05/09/2013,Shipped Early,31.2,15,0,468,147.26,36.51
126,10294,43,65,4,2,30/08/2013,27/09/2013,05/09/2013,Shipped Early,36.8,15,0,552,147.26,43.06
127,10294,60,65,4,2,30/08/2013,27/09/2013,05/09/2013,Shipped Early,27.2,21,0,571.2,147.26,44.56
128,10294,75,65,4,2,30/08/2013,27/09/2013,05/09/2013,Shipped Early,6.2,6,0,37.2,147.26,2.9
129,10295,56,85,2,2,02/09/2013,30/09/2013,10/09/2013,Shipped Early,30.4,4,0,121.6,1.15,1.15
130,10296,11,46,6,1,03/09/2013,01/10/2013,11/09/2013,Shipped Early,16.8,12,0,201.6,0.12,0.02
131,10296,16,46,6,1,03/09/2013,01/10/2013,11/09/2013,Shipped Early,13.9,30,0,417,0.12,0.05
132,10296,69,46,6,1,03/09/2013,01/10/2013,11/09/2013,Shipped Early,28.8,15,0,432,0.12,0.05
133,10297,39,7,5,2,04/09/2013,16/10/2013,10/09/2013,Shipped Early,14.4,60,0,864,5.74,3.49
134,10297,72,7,5,2,04/09/2013,16/10/2013,10/09/2013,Shipped Early,27.8,20,0,556,5.74,2.25
135,10298,2,37,6,2,05/09/2013,03/10/2013,11/09/2013,Shipped Early,15.2,40,0,608,168.22,38.67
136,10298,36,37,6,2,05/09/2013,03/10/2013,11/09/2013,Shipped Early,15.2,40,0.25,456,168.22,29
137,10298,59,37,6,2,05/09/2013,03/10/2013,11/09/2013,Shipped Early,44,30,0.25,990,168.22,62.96
138,10298,62,37,6,2,05/09/2013,03/10/2013,11/09/2013,Shipped Early,39.4,15,0,591,168.22,37.59
139,10299,19,67,4,2,06/09/2013,04/10/2013,13/09/2013,Shipped Early,7.3,15,0,109.5,29.76,9.32
140,10299,70,67,4,2,06/09/2013,04/10/2013,13/09/2013,Shipped Early,12,20,0,240,29.76,20.44
141,10300,66,49,2,2,09/09/2013,07/10/2013,18/09/2013,Shipped Early,13.6,30,0,408,17.68,11.86
142,10300,68,49,2,2,09/09/2013,07/10/2013,18/09/2013,Shipped Early,10,20,0,200,17.68,5.82
143,10301,40,86,8,2,09/09/2013,07/10/2013,17/09/2013,Shipped Early,14.7,10,0,147,45.08,8.78
144,10301,56,86,8,2,09/09/2013,07/10/2013,17/09/2013,Shipped Early,30.4,20,0,608,45.08,36.3
145,10302,17,76,4,2,10/09/2013,08/10/2013,09/10/2013,Shipping Delayed,31.2,40,0,1248,6.27,2.89
146,10302,28,76,4,2,10/09/2013,08/10/2013,09/10/2013,Shipping Delayed,36.4,28,0,1019.2,6.27,2.36
147,10302,43,76,4,2,10/09/2013,08/10/2013,09/10/2013,Shipping Delayed,36.8,12,0,441.6,6.27,1.02
148,10303,40,30,7,2,11/09/2013,09/10/2013,18/09/2013,Shipped Early,14.7,40,0.1,529.2,107.83,51.05
149,10303,65,30,7,2,11/09/2013,09/10/2013,18/09/2013,Shipped Early,16.8,30,0.1,453.6,107.83,43.76
150,10303,68,30,7,2,11/09/2013,09/10/2013,18/09/2013,Shipped Early,10,15,0.1,135,107.83,13.02
151,10304,49,80,1,2,12/09/2013,10/10/2013,17/09/2013,Shipped Early,16,30,0,480,63.79,32.08
152,10304,59,80,1,2,12/09/2013,10/10/2013,17/09/2013,Shipped Early,44,10,0,440,63.79,29.41
153,10304,71,80,1,2,12/09/2013,10/10/2013,17/09/2013,Shipped Early,17.2,2,0,34.4,63.79,2.3
154,10305,18,55,8,3,13/09/2013,11/10/2013,09/10/2013,Shipped Early,50,25,0.1,1125,257.62,77.47
155,10305,29,55,8,3,13/09/2013,11/10/2013,09/10/2013,Shipped Early,99,25,0.1,2227.5,257.62,153.38
156,10305,39,55,8,3,13/09/2013,11/10/2013,09/10/2013,Shipped Early,14.4,30,0.1,388.8,257.62,26.77
157,10306,30,69,1,3,16/09/2013,14/10/2013,23/09/2013,Shipped Early,20.7,10,0,207,7.56,3.14
158,10306,53,69,1,3,16/09/2013,14/10/2013,23/09/2013,Shipped Early,26.2,10,0,262,7.56,3.97
159,10306,54,69,1,3,16/09/2013,14/10/2013,23/09/2013,Shipped Early,5.9,5,0,29.5,7.56,0.45
160,10307,62,48,2,2,17/09/2013,15/10/2013,25/09/2013,Shipped Early,39.4,10,0,394,0.56,0.52
161,10307,68,48,2,2,17/09/2013,15/10/2013,25/09/2013,Shipped Early,10,3,0,30,0.56,0.04
162,10308,69,2,7,3,18/09/2013,16/10/2013,24/09/2013,Shipped Early,28.8,1,0,28.8,1.61,0.52
163,10308,70,2,7,3,18/09/2013,16/10/2013,24/09/2013,Shipped Early,12,5,0,60,1.61,1.09
164,10309,4,37,3,1,19/09/2013,17/10/2013,23/10/2013,Shipping Delayed,17.6,20,0,352,47.3,9.45
165,10309,6,37,3,1,19/09/2013,17/10/2013,23/10/2013,Shipping Delayed,20,30,0,600,47.3,16.11
166,10309,42,37,3,1,19/09/2013,17/10/2013,23/10/2013,Shipping Delayed,11.2,2,0,22.4,47.3,0.6
167,10309,43,37,3,1,19/09/2013,17/10/2013,23/10/2013,Shipping Delayed,36.8,20,0,736,47.3,19.76
168,10309,71,37,3,1,19/09/2013,17/10/2013,23/10/2013,Shipping Delayed,17.2,3,0,51.6,47.3,1.39
169,10310,16,77,8,2,20/09/2013,18/10/2013,27/09/2013,Shipped Early,13.9,10,0,139,17.52,7.25
170,10310,62,77,8,2,20/09/2013,18/10/2013,27/09/2013,Shipped Early,39.4,5,0,197,17.52,10.27
171,10311,42,18,1,3,20/09/2013,04/10/2013,26/09/2013,Shipped Early,11.2,6,0,67.2,24.69,6.17
172,10311,69,18,1,3,20/09/2013,04/10/2013,26/09/2013,Shipped Early,28.8,7,0,201.6,24.69,18.52
173,10312,28,86,2,2,23/09/2013,21/10/2013,03/10/2013,Shipped Early,36.4,4,0,145.6,40.26,3.63
174,10312,43,86,2,2,23/09/2013,21/10/2013,03/10/2013,Shipped Early,36.8,24,0,883.2,40.26,22.02
175,10312,53,86,2,2,23/09/2013,21/10/2013,03/10/2013,Shipped Early,26.2,20,0,524,40.26,13.06
176,10312,75,86,2,2,23/09/2013,21/10/2013,03/10/2013,Shipped Early,6.2,10,0,62,40.26,1.55
177,10313,36,63,2,2,24/09/2013,22/10/2013,04/10/2013,Shipped Early,15.2,12,0,182.4,1.96,1.96
178,10314,32,65,1,2,25/09/2013,23/10/2013,04/10/2013,Shipped Early,25.6,40,0.1,921.6,74.16,32.63
179,10314,58,65,1,2,25/09/2013,23/10/2013,04/10/2013,Shipped Early,10.6,30,0.1,286.2,74.16,10.13
180,10314,62,65,1,2,25/09/2013,23/10/2013,04/10/2013,Shipped Early,39.4,25,0.1,886.5,74.16,31.39
181,10315,34,38,4,2,26/09/2013,24/10/2013,03/10/2013,Shipped Early,11.2,14,0,156.8,41.76,12.67
182,10315,70,38,4,2,26/09/2013,24/10/2013,03/10/2013,Shipped Early,12,30,0,360,41.76,29.09
183,10316,41,65,1,3,27/09/2013,25/10/2013,08/10/2013,Shipped Early,7.7,10,0,77,150.15,4.08
184,10316,62,65,1,3,27/09/2013,25/10/2013,08/10/2013,Shipped Early,39.4,70,0,2758,150.15,146.07
185,10317,1,48,6,1,30/09/2013,28/10/2013,10/10/2013,Shipped Early,14.4,20,0,288,12.69,12.69
186,10318,41,38,8,2,01/10/2013,29/10/2013,04/10/2013,Shipped Early,7.7,20,0,154,4.73,3.03
187,10318,76,38,8,2,01/10/2013,29/10/2013,04/10/2013,Shipped Early,14.4,6,0,86.4,4.73,1.7
188,10319,17,80,7,3,02/10/2013,30/10/2013,11/10/2013,Shipped Early,31.2,8,0,249.6,64.5,13.52
189,10319,28,80,7,3,02/10/2013,30/10/2013,11/10/2013,Shipped Early,36.4,14,0,509.6,64.5,27.59
190,10319,76,80,7,3,02/10/2013,30/10/2013,11/10/2013,Shipped Early,14.4,30,0,432,64.5,23.39
191,10320,71,87,5,3,03/10/2013,17/10/2013,18/10/2013,Shipping Delayed,17.2,30,0,516,34.57,34.57
192,10321,35,38,3,2,03/10/2013,31/10/2013,11/10/2013,Shipped Early,14.4,10,0,144,3.43,3.43
193,10322,52,58,7,3,04/10/2013,01/11/2013,23/10/2013,Shipped Early,5.6,20,0,112,0.4,0.4
194,10323,15,39,4,1,07/10/2013,04/11/2013,14/10/2013,Shipped Early,12.4,5,0,62,4.88,1.84
195,10323,25,39,4,1,07/10/2013,04/11/2013,14/10/2013,Shipped Early,11.2,4,0,44.8,4.88,1.33
196,10323,39,39,4,1,07/10/2013,04/11/2013,14/10/2013,Shipped Early,14.4,4,0,57.6,4.88,1.71
197,10324,16,71,9,1,08/10/2013,05/11/2013,10/10/2013,Shipped Early,13.9,21,0.15,248.12,214.27,10.08
198,10324,35,71,9,1,08/10/2013,05/11/2013,10/10/2013,Shipped Early,14.4,70,0.15,856.8,214.27,34.8
199,10324,46,71,9,1,08/10/2013,05/11/2013,10/10/2013,Shipped Early,9.6,30,0,288,214.27,11.7
200,10324,59,71,9,1,08/10/2013,05/11/2013,10/10/2013,Shipped Early,44,40,0.15,1496,214.27,60.76
201,10324,63,71,9,1,08/10/2013,05/11/2013,10/10/2013,Shipped Early,35.1,80,0.15,2386.8,214.27,96.94
202,10325,6,39,1,3,09/10/2013,23/10/2013,14/10/2013,Shipped Early,20,6,0,120,64.86,5.2
203,10325,13,39,1,3,09/10/2013,23/10/2013,14/10/2013,Shipped Early,4.8,12,0,57.6,64.86,2.5
204,10325,14,39,1,3,09/10/2013,23/10/2013,14/10/2013,Shipped Early,18.6,9,0,167.4,64.86,7.25
205,10325,31,39,1,3,09/10/2013,23/10/2013,14/10/2013,Shipped Early,10,4,0,40,64.86,1.73
206,10325,72,39,1,3,09/10/2013,23/10/2013,14/10/2013,Shipped Early,27.8,40,0,1112,64.86,48.18
207,10326,4,8,4,2,10/10/2013,07/11/2013,14/10/2013,Shipped Early,17.6,24,0,422.4,77.92,33.52
208,10326,57,8,4,2,10/10/2013,07/11/2013,14/10/2013,Shipped Early,15.6,16,0,249.6,77.92,19.81
209,10326,75,8,4,2,10/10/2013,07/11/2013,14/10/2013,Shipped Early,6.2,50,0,310,77.92,24.6
210,10327,2,24,2,1,11/10/2013,08/11/2013,14/10/2013,Shipped Early,15.2,25,0.2,304,63.36,10.64
211,10327,11,24,2,1,11/10/2013,08/11/2013,14/10/2013,Shipped Early,16.8,50,0.2,672,63.36,23.52
212,10327,30,24,2,1,11/10/2013,08/11/2013,14/10/2013,Shipped Early,20.7,35,0.2,579.6,63.36,20.29
213,10327,58,24,2,1,11/10/2013,08/11/2013,14/10/2013,Shipped Early,10.6,30,0.2,254.4,63.36,8.91
214,10328,59,28,4,3,14/10/2013,11/11/2013,17/10/2013,Shipped Early,44,9,0,396,87.03,29.51
215,10328,65,28,4,3,14/10/2013,11/11/2013,17/10/2013,Shipped Early,16.8,40,0,672,87.03,50.07
216,10328,68,28,4,3,14/10/2013,11/11/2013,17/10/2013,Shipped Early,10,10,0,100,87.03,7.45
217,10329,19,75,4,2,15/10/2013,26/11/2013,23/10/2013,Shipped Early,7.3,10,0.05,69.35,191.67,2.9
218,10329,30,75,4,2,15/10/2013,26/11/2013,23/10/2013,Shipped Early,20.7,8,0.05,157.32,191.67,6.59
219,10329,38,75,4,2,15/10/2013,26/11/2013,23/10/2013,Shipped Early,210.8,20,0.05,4005.2,191.67,167.67
220,10329,56,75,4,2,15/10/2013,26/11/2013,23/10/2013,Shipped Early,30.4,12,0.05,346.56,191.67,14.51
221,10330,26,46,3,1,16/10/2013,13/11/2013,28/10/2013,Shipped Early,24.9,50,0.15,1058.25,12.75,8.18
222,10330,72,46,3,1,16/10/2013,13/11/2013,28/10/2013,Shipped Early,27.8,25,0.15,590.75,12.75,4.57
223,10331,54,9,9,1,16/10/2013,27/11/2013,21/10/2013,Shipped Early,5.9,15,0,88.5,10.19,10.19
224,10332,18,51,3,2,17/10/2013,28/11/2013,21/10/2013,Shipped Early,50,40,0.2,1600,52.84,47.31
225,10332,42,51,3,2,17/10/2013,28/11/2013,21/10/2013,Shipped Early,11.2,10,0.2,89.6,52.84,2.65
226,10332,47,51,3,2,17/10/2013,28/11/2013,21/10/2013,Shipped Early,7.6,16,0.2,97.28,52.84,2.88
227,10333,14,87,5,3,18/10/2013,15/11/2013,25/10/2013,Shipped Early,18.6,10,0,186,0.59,0.13
228,10333,21,87,5,3,18/10/2013,15/11/2013,25/10/2013,Shipped Early,8,10,0.1,72,0.59,0.05
229,10333,71,87,5,3,18/10/2013,15/11/2013,25/10/2013,Shipped Early,17.2,40,0.1,619.2,0.59,0.42
230,10334,52,84,8,2,21/10/2013,18/11/2013,28/10/2013,Shipped Early,5.6,8,0,44.8,8.56,2.65
231,10334,68,84,8,2,21/10/2013,18/11/2013,28/10/2013,Shipped Early,10,10,0,100,8.56,5.91
232,10335,2,37,7,2,22/10/2013,19/11/2013,24/10/2013,Shipped Early,15.2,7,0.2,85.12,42.11,1.76
233,10335,31,37,7,2,22/10/2013,19/11/2013,24/10/2013,Shipped Early,10,25,0.2,200,42.11,4.14
234,10335,32,37,7,2,22/10/2013,19/11/2013,24/10/2013,Shipped Early,25.6,6,0.2,122.88,42.11,2.54
235,10335,51,37,7,2,22/10/2013,19/11/2013,24/10/2013,Shipped Early,42.4,48,0.2,1628.16,42.11,33.67
236,10336,4,60,7,2,23/10/2013,20/11/2013,25/10/2013,Shipped Early,17.6,18,0.1,285.12,15.51,15.51
237,10337,23,25,4,3,24/10/2013,21/11/2013,29/10/2013,Shipped Early,7.2,40,0,288,108.26,12.64
238,10337,26,25,4,3,24/10/2013,21/11/2013,29/10/2013,Shipped Early,24.9,24,0,597.6,108.26,26.22
239,10337,36,25,4,3,24/10/2013,21/11/2013,29/10/2013,Shipped Early,15.2,20,0,304,108.26,13.34
240,10337,37,25,4,3,24/10/2013,21/11/2013,29/10/2013,Shipped Early,20.8,28,0,582.4,108.26,25.56
241,10337,72,25,4,3,24/10/2013,21/11/2013,29/10/2013,Shipped Early,27.8,25,0,695,108.26,30.5
242,10338,17,55,4,3,25/10/2013,22/11/2013,29/10/2013,Shipped Early,31.2,20,0,624,84.21,56.23
243,10338,30,55,4,3,25/10/2013,22/11/2013,29/10/2013,Shipped Early,20.7,15,0,310.5,84.21,27.98
244,10339,4,51,2,2,28/10/2013,25/11/2013,04/11/2013,Shipped Early,17.6,10,0,176,15.66,0.82
245,10339,17,51,2,2,28/10/2013,25/11/2013,04/11/2013,Shipped Early,31.2,70,0.05,2074.8,15.66,9.69
246,10339,62,51,2,2,28/10/2013,25/11/2013,04/11/2013,Shipped Early,39.4,28,0,1103.2,15.66,5.15
247,10340,18,9,1,3,29/10/2013,26/11/2013,08/11/2013,Shipped Early,50,20,0.05,950,166.31,64.85
248,10340,41,9,1,3,29/10/2013,26/11/2013,08/11/2013,Shipped Early,7.7,12,0.05,87.78,166.31,5.99
249,10340,43,9,1,3,29/10/2013,26/11/2013,08/11/2013,Shipped Early,36.8,40,0.05,1398.4,166.31,95.46
250,10341,33,73,7,3,29/10/2013,26/11/2013,05/11/2013,Shipped Early,2,8,0,16,26.78,1.22
251,10341,59,73,7,3,29/10/2013,26/11/2013,05/11/2013,Shipped Early,44,9,0.15,336.6,26.78,25.56
252,10342,2,25,4,2,30/10/2013,13/11/2013,04/11/2013,Shipped Early,15.2,24,0.2,291.84,54.83,8.69
253,10342,31,25,4,2,30/10/2013,13/11/2013,04/11/2013,Shipped Early,10,56,0.2,448,54.83,13.35
254,10342,36,25,4,2,30/10/2013,13/11/2013,04/11/2013,Shipped Early,15.2,40,0.2,486.4,54.83,14.49
255,10342,55,25,4,2,30/10/2013,13/11/2013,04/11/2013,Shipped Early,19.2,40,0.2,614.4,54.83,18.3
256,10343,64,44,4,1,31/10/2013,28/11/2013,06/11/2013,Shipped Early,26.6,50,0,1330,110.37,92.67
257,10343,68,44,4,1,31/10/2013,28/11/2013,06/11/2013,Shipped Early,10,4,0.05,38,110.37,2.65
258,10343,76,44,4,1,31/10/2013,28/11/2013,06/11/2013,Shipped Early,14.4,15,0,216,110.37,15.05
259,10344,4,89,4,2,01/11/2013,29/11/2013,05/11/2013,Shipped Early,17.6,35,0,616,23.29,6.25
260,10344,8,89,4,2,01/11/2013,29/11/2013,05/11/2013,Shipped Early,32,70,0.25,1680,23.29,17.04
261,10345,8,63,2,2,04/11/2013,02/12/2013,11/11/2013,Shipped Early,32,70,0,2240,249.06,190.75
262,10345,19,63,2,2,04/11/2013,02/12/2013,11/11/2013,Shipped Early,7.3,80,0,584,249.06,49.73
263,10345,42,63,2,2,04/11/2013,02/12/2013,11/11/2013,Shipped Early,11.2,9,0,100.8,249.06,8.58
264,10346,17,65,3,3,05/11/2013,17/12/2013,08/11/2013,Shipped Early,31.2,36,0.1,1010.88,142.08,88.72
265,10346,56,65,3,3,05/11/2013,17/12/2013,08/11/2013,Shipped Early,30.4,20,0,608,142.08,53.36
266,10347,25,21,4,3,06/11/2013,04/12/2013,08/11/2013,Shipped Early,11.2,10,0,112,3.1,0.43
267,10347,39,21,4,3,06/11/2013,04/12/2013,08/11/2013,Shipped Early,14.4,50,0.15,612,3.1,2.33
268,10347,40,21,4,3,06/11/2013,04/12/2013,08/11/2013,Shipped Early,14.7,4,0,58.8,3.1,0.22
269,10347,75,21,4,3,06/11/2013,04/12/2013,08/11/2013,Shipped Early,6.2,6,0.15,31.62,3.1,0.12
270,10348,1,86,4,2,07/11/2013,05/12/2013,15/11/2013,Shipped Early,14.4,15,0.15,183.6,0.78,0.39
271,10348,23,86,4,2,07/11/2013,05/12/2013,15/11/2013,Shipped Early,7.2,25,0,180,0.78,0.39
272,10349,54,75,7,1,08/11/2013,06/12/2013,15/11/2013,Shipped Early,5.9,24,0,141.6,8.63,8.63
273,10350,50,41,6,2,11/11/2013,09/12/2013,03/12/2013,Shipped Early,13,15,0.1,175.5,64.19,17.55
274,10350,69,41,6,2,11/11/2013,09/12/2013,03/12/2013,Shipped Early,28.8,18,0.1,466.56,64.19,46.64
275,10351,38,20,1,1,11/11/2013,09/12/2013,20/11/2013,Shipped Early,210.8,20,0.05,4005.2,162.33,120.43
276,10351,41,20,1,1,11/11/2013,09/12/2013,20/11/2013,Shipped Early,7.7,13,0,100.1,162.33,3.01
277,10351,44,20,1,1,11/11/2013,09/12/2013,20/11/2013,Shipped Early,15.5,77,0.05,1133.83,162.33,34.09
278,10351,65,20,1,1,11/11/2013,09/12/2013,20/11/2013,Shipped Early,16.8,10,0.05,159.6,162.33,4.8
279,10352,24,28,3,3,12/11/2013,26/11/2013,18/11/2013,Shipped Early,3.6,10,0,36,1.3,0.34
280,10352,54,28,3,3,12/11/2013,26/11/2013,18/11/2013,Shipped Early,5.9,20,0.15,100.3,1.3,0.96
281,10353,11,59,7,3,13/11/2013,11/12/2013,25/11/2013,Shipped Early,16.8,12,0.2,161.28,360.63,6.77
282,10353,38,59,7,3,13/11/2013,11/12/2013,25/11/2013,Shipped Early,210.8,50,0.2,8432,360.63,353.86
283,10354,1,58,8,3,14/11/2013,12/12/2013,20/11/2013,Shipped Early,14.4,12,0,172.8,53.8,16.34
284,10354,29,58,8,3,14/11/2013,12/12/2013,20/11/2013,Shipped Early,99,4,0,396,53.8,37.46
285,10355,24,4,6,1,15/11/2013,13/12/2013,20/11/2013,Shipped Early,3.6,25,0,90,41.95,7.87
286,10355,57,4,6,1,15/11/2013,13/12/2013,20/11/2013,Shipped Early,15.6,25,0,390,41.95,34.08
287,10356,31,86,6,2,18/11/2013,16/12/2013,27/11/2013,Shipped Early,10,30,0,300,36.71,9.95
288,10356,55,86,6,2,18/11/2013,16/12/2013,27/11/2013,Shipped Early,19.2,12,0,230.4,36.71,7.64
289,10356,69,86,6,2,18/11/2013,16/12/2013,27/11/2013,Shipped Early,28.8,20,0,576,36.71,19.11
290,10357,10,46,1,3,19/11/2013,17/12/2013,02/12/2013,Shipped Early,24.8,30,0.2,595.2,34.88,17.78
291,10357,26,46,1,3,19/11/2013,17/12/2013,02/12/2013,Shipped Early,24.9,16,0,398.4,34.88,11.9
292,10357,60,46,1,3,19/11/2013,17/12/2013,02/12/2013,Shipped Early,27.2,8,0.2,174.08,34.88,5.2
293,10358,24,41,5,1,20/11/2013,18/12/2013,27/11/2013,Shipped Early,3.6,10,0.05,34.2,19.64,1.56
294,10358,34,41,5,1,20/11/2013,18/12/2013,27/11/2013,Shipped Early,11.2,10,0.05,106.4,19.64,4.87
295,10358,36,41,5,1,20/11/2013,18/12/2013,27/11/2013,Shipped Early,15.2,20,0.05,288.8,19.64,13.21
296,10359,16,72,5,3,21/11/2013,19/12/2013,26/11/2013,Shipped Early,13.9,56,0.05,739.48,288.43,61.44
297,10359,31,72,5,3,21/11/2013,19/12/2013,26/11/2013,Shipped Early,10,70,0.05,665,288.43,55.25
298,10359,60,72,5,3,21/11/2013,19/12/2013,26/11/2013,Shipped Early,27.2,80,0.05,2067.2,288.43,171.74
299,10360,28,7,4,3,22/11/2013,20/12/2013,02/12/2013,Shipped Early,36.4,30,0,1092,131.7,19.46
300,10360,29,7,4,3,22/11/2013,20/12/2013,02/12/2013,Shipped Early,99,35,0,3465,131.7,61.75
301,10360,38,7,4,3,22/11/2013,20/12/2013,02/12/2013,Shipped Early,210.8,10,0,2108,131.7,37.57
302,10360,49,7,4,3,22/11/2013,20/12/2013,02/12/2013,Shipped Early,16,35,0,560,131.7,9.98
303,10360,54,7,4,3,22/11/2013,20/12/2013,02/12/2013,Shipped Early,5.9,28,0,165.2,131.7,2.94
304,10361,39,63,1,2,22/11/2013,20/12/2013,03/12/2013,Shipped Early,14.4,54,0.1,699.84,183.17,62.65
305,10361,60,63,1,2,22/11/2013,20/12/2013,03/12/2013,Shipped Early,27.2,55,0.1,1346.4,183.17,120.52
306,10362,25,9,3,1,25/11/2013,23/12/2013,28/11/2013,Shipped Early,11.2,50,0,560,96.04,34.71
307,10362,51,9,3,1,25/11/2013,23/12/2013,28/11/2013,Shipped Early,42.4,20,0,848,96.04,52.56
308,10362,54,9,3,1,25/11/2013,23/12/2013,28/11/2013,Shipped Early,5.9,24,0,141.6,96.04,8.78
309,10363,31,17,4,3,26/11/2013,24/12/2013,04/12/2013,Shipped Early,10,20,0,200,30.54,13.66
310,10363,75,17,4,3,26/11/2013,24/12/2013,04/12/2013,Shipped Early,6.2,12,0,74.4,30.54,5.08
311,10363,76,17,4,3,26/11/2013,24/12/2013,04/12/2013,Shipped Early,14.4,12,0,172.8,30.54,11.8
312,10364,69,19,1,1,26/11/2013,07/01/2014,04/12/2013,Shipped Early,28.8,30,0,864,71.97,65.45
313,10364,71,19,1,1,26/11/2013,07/01/2014,04/12/2013,Shipped Early,17.2,5,0,86,71.97,6.52
314,10365,11,3,3,2,27/11/2013,25/12/2013,02/12/2013,Shipped Early,16.8,24,0,403.2,22,22
315,10366,65,29,8,2,28/11/2013,09/01/2014,30/12/2013,Shipped Early,16.8,5,0,84,10.14,6.26
316,10366,77,29,8,2,28/11/2013,09/01/2014,30/12/2013,Shipped Early,10.4,5,0,52,10.14,3.88
317,10367,34,83,7,3,28/11/2013,26/12/2013,02/12/2013,Shipped Early,11.2,36,0,403.2,13.55,6.55
318,10367,54,83,7,3,28/11/2013,26/12/2013,02/12/2013,Shipped Early,5.9,18,0,106.2,13.55,1.73
319,10367,65,83,7,3,28/11/2013,26/12/2013,02/12/2013,Shipped Early,16.8,15,0,252,13.55,4.09
320,10367,77,83,7,3,28/11/2013,26/12/2013,02/12/2013,Shipped Early,10.4,7,0,72.8,13.55,1.18
321,10368,21,20,2,2,29/11/2013,27/12/2013,02/12/2013,Shipped Early,8,5,0.1,36,101.95,2.17
322,10368,28,20,2,2,29/11/2013,27/12/2013,02/12/2013,Shipped Early,36.4,13,0.1,425.88,101.95,25.69
323,10368,57,20,2,2,29/11/2013,27/12/2013,02/12/2013,Shipped Early,15.6,25,0,390,101.95,23.53
324,10368,64,20,2,2,29/11/2013,27/12/2013,02/12/2013,Shipped Early,26.6,35,0.1,837.9,101.95,50.55
325,10369,29,75,8,2,02/12/2013,30/12/2013,09/12/2013,Shipped Early,99,20,0,1980,195.68,162.08
326,10369,56,75,8,2,02/12/2013,30/12/2013,09/12/2013,Shipped Early,30.4,18,0.25,410.4,195.68,33.6
327,10370,1,14,6,2,03/12/2013,31/12/2013,27/12/2013,Shipped Early,14.4,15,0.15,183.6,1.17,0.19
328,10370,64,14,6,2,03/12/2013,31/12/2013,27/12/2013,Shipped Early,26.6,30,0,798,1.17,0.84
329,10370,74,14,6,2,03/12/2013,31/12/2013,27/12/2013,Shipped Early,8,20,0.15,136,1.17,0.14
330,10371,36,41,1,1,03/12/2013,31/12/2013,24/12/2013,Shipped Early,15.2,6,0.2,72.96,0.45,0.45
331,10372,20,62,5,2,04/12/2013,01/01/2014,09/12/2013,Shipped Early,64.8,12,0.25,583.2,890.78,56.4
332,10372,38,62,5,2,04/12/2013,01/01/2014,09/12/2013,Shipped Early,210.8,40,0.25,6324,890.78,611.59
333,10372,60,62,5,2,04/12/2013,01/01/2014,09/12/2013,Shipped Early,27.2,70,0.25,1428,890.78,138.1
334,10372,72,62,5,2,04/12/2013,01/01/2014,09/12/2013,Shipped Early,27.8,42,0.25,875.7,890.78,84.69
335,10373,58,37,4,3,05/12/2013,02/01/2014,11/12/2013,Shipped Early,10.6,80,0.2,678.4,124.12,61.62
336,10373,71,37,4,3,05/12/2013,02/01/2014,11/12/2013,Shipped Early,17.2,50,0.2,688,124.12,62.5
337,10374,31,91,1,3,05/12/2013,02/01/2014,09/12/2013,Shipped Early,10,30,0,300,3.94,2.58
338,10374,58,91,1,3,05/12/2013,02/01/2014,09/12/2013,Shipped Early,10.6,15,0,159,3.94,1.36
339,10375,14,36,3,2,06/12/2013,03/01/2014,09/12/2013,Shipped Early,18.6,15,0,279,20.12,16.61
340,10375,54,36,3,2,06/12/2013,03/01/2014,09/12/2013,Shipped Early,5.9,10,0,59,20.12,3.51
341,10376,31,51,1,2,09/12/2013,06/01/2014,13/12/2013,Shipped Early,10,42,0.05,399,20.39,20.39
342,10377,28,72,1,3,09/12/2013,06/01/2014,13/12/2013,Shipped Early,36.4,20,0.15,618.8,22.21,15.91
343,10377,39,72,1,3,09/12/2013,06/01/2014,13/12/2013,Shipped Early,14.4,20,0.15,244.8,22.21,6.3
344,10378,71,24,5,3,10/12/2013,07/01/2014,19/12/2013,Shipped Early,17.2,6,0,103.2,5.44,5.44
345,10379,41,61,2,1,11/12/2013,08/01/2014,13/12/2013,Shipped Early,7.7,8,0.1,55.44,45.03,2.89
346,10379,63,61,2,1,11/12/2013,08/01/2014,13/12/2013,Shipped Early,35.1,16,0.1,505.44,45.03,26.36
347,10379,65,61,2,1,11/12/2013,08/01/2014,13/12/2013,Shipped Early,16.8,20,0.1,302.4,45.03,15.77
348,10380,30,37,8,3,12/12/2013,09/01/2014,16/01/2014,Shipping Delayed,20.7,18,0.1,335.34,35.03,8.94
349,10380,53,37,8,3,12/12/2013,09/01/2014,16/01/2014,Shipping Delayed,26.2,20,0.1,471.6,35.03,12.57
350,10380,60,37,8,3,12/12/2013,09/01/2014,16/01/2014,Shipping Delayed,27.2,6,0.1,146.88,35.03,3.92
351,10380,70,37,8,3,12/12/2013,09/01/2014,16/01/2014,Shipping Delayed,12,30,0,360,35.03,9.6
352,10381,74,46,3,3,12/12/2013,09/01/2014,13/12/2013,Shipped Early,8,14,0,112,7.99,7.99
353,10382,5,20,4,1,13/12/2013,10/01/2014,16/12/2013,Shipped Early,17,32,0,544,94.77,17.78
354,10382,18,20,4,1,13/12/2013,10/01/2014,16/12/2013,Shipped Early,50,9,0,450,94.77,14.71
355,10382,29,20,4,1,13/12/2013,10/01/2014,16/12/2013,Shipped Early,99,14,0,1386,94.77,45.29
356,10382,33,20,4,1,13/12/2013,10/01/2014,16/12/2013,Shipped Early,2,60,0,120,94.77,3.92
357,10382,74,20,4,1,13/12/2013,10/01/2014,16/12/2013,Shipped Early,8,50,0,400,94.77,13.07
358,10383,13,4,8,3,16/12/2013,13/01/2014,18/12/2013,Shipped Early,4.8,20,0,96,34.24,3.66
359,10383,50,4,8,3,16/12/2013,13/01/2014,18/12/2013,Shipped Early,13,15,0,195,34.24,7.43
360,10383,56,4,8,3,16/12/2013,13/01/2014,18/12/2013,Shipped Early,30.4,20,0,608,34.24,23.16
361,10384,20,5,3,3,16/12/2013,13/01/2014,20/12/2013,Shipped Early,64.8,28,0,1814.4,168.64,137.68
362,10384,60,5,3,3,16/12/2013,13/01/2014,20/12/2013,Shipped Early,27.2,15,0,408,168.64,30.96
363,10385,7,75,1,2,17/12/2013,14/01/2014,23/12/2013,Shipped Early,24,10,0.2,192,30.96,8.6
364,10385,60,75,1,2,17/12/2013,14/01/2014,23/12/2013,Shipped Early,27.2,20,0.2,435.2,30.96,19.49
365,10385,68,75,1,2,17/12/2013,14/01/2014,23/12/2013,Shipped Early,10,8,0.2,64,30.96,2.87
366,10386,24,21,9,3,18/12/2013,01/01/2014,25/12/2013,Shipped Early,3.6,15,0,54,13.99,4.55
367,10386,34,21,9,3,18/12/2013,01/01/2014,25/12/2013,Shipped Early,11.2,10,0,112,13.99,9.44
368,10387,24,70,1,2,18/12/2013,15/01/2014,20/12/2013,Shipped Early,3.6,15,0,54,93.63,4.78
369,10387,28,70,1,2,18/12/2013,15/01/2014,20/12/2013,Shipped Early,36.4,6,0,218.4,93.63,19.32
370,10387,59,70,1,2,18/12/2013,15/01/2014,20/12/2013,Shipped Early,44,12,0,528,93.63,46.71
371,10387,71,70,1,2,18/12/2013,15/01/2014,20/12/2013,Shipped Early,17.2,15,0,258,93.63,22.82
372,10388,45,72,2,1,19/12/2013,16/01/2014,20/12/2013,Shipped Early,7.6,15,0.2,91.2,34.86,2.59
373,10388,52,72,2,1,19/12/2013,16/01/2014,20/12/2013,Shipped Early,5.6,20,0.2,89.6,34.86,2.54
374,10388,53,72,2,1,19/12/2013,16/01/2014,20/12/2013,Shipped Early,26.2,40,0,1048,34.86,29.73
375,10389,10,10,4,2,20/12/2013,17/01/2014,24/12/2013,Shipped Early,24.8,16,0,396.8,47.42,10.27
376,10389,55,10,4,2,20/12/2013,17/01/2014,24/12/2013,Shipped Early,19.2,15,0,288,47.42,7.45
377,10389,62,10,4,2,20/12/2013,17/01/2014,24/12/2013,Shipped Early,39.4,20,0,788,47.42,20.39
378,10389,70,10,4,2,20/12/2013,17/01/2014,24/12/2013,Shipped Early,12,30,0,360,47.42,9.31
379,10390,31,20,6,1,23/12/2013,20/01/2014,26/12/2013,Shipped Early,10,60,0.1,540,126.38,32.64
380,10390,35,20,6,1,23/12/2013,20/01/2014,26/12/2013,Shipped Early,14.4,40,0.1,518.4,126.38,31.33
381,10390,46,20,6,1,23/12/2013,20/01/2014,26/12/2013,Shipped Early,9.6,45,0,432,126.38,26.11
382,10390,72,20,6,1,23/12/2013,20/01/2014,26/12/2013,Shipped Early,27.8,24,0.1,600.48,126.38,36.3
383,10391,13,17,3,3,23/12/2013,20/01/2014,31/12/2013,Shipped Early,4.8,18,0,86.4,5.45,5.45
384,10392,69,59,2,3,24/12/2013,21/01/2014,01/01/2014,Shipped Early,28.8,50,0,1440,122.46,122.46
385,10393,2,71,1,3,25/12/2013,22/01/2014,03/01/2014,Shipped Early,15.2,25,0.25,285,126.56,14.11
386,10393,14,71,1,3,25/12/2013,22/01/2014,03/01/2014,Shipped Early,18.6,42,0.25,585.9,126.56,29
387,10393,25,71,1,3,25/12/2013,22/01/2014,03/01/2014,Shipped Early,11.2,7,0.25,58.8,126.56,2.91
388,10393,26,71,1,3,25/12/2013,22/01/2014,03/01/2014,Shipped Early,24.9,70,0.25,1307.25,126.56,64.7
389,10393,31,71,1,3,25/12/2013,22/01/2014,03/01/2014,Shipped Early,10,32,0,320,126.56,15.84
390,10394,13,36,1,3,25/12/2013,22/01/2014,03/01/2014,Shipped Early,4.8,10,0,48,30.34,3.29
391,10394,62,36,1,3,25/12/2013,22/01/2014,03/01/2014,Shipped Early,39.4,10,0,394,30.34,27.05
392,10395,46,35,6,1,26/12/2013,23/01/2014,03/01/2014,Shipped Early,9.6,28,0.1,241.92,184.41,21.01
393,10395,53,35,6,1,26/12/2013,23/01/2014,03/01/2014,Shipped Early,26.2,70,0.1,1650.6,184.41,143.38
394,10395,69,35,6,1,26/12/2013,23/01/2014,03/01/2014,Shipped Early,28.8,8,0,230.4,184.41,20.01
395,10396,23,25,1,3,27/12/2013,10/01/2014,06/01/2014,Shipped Early,7.2,40,0,288,135.35,20.48
396,10396,71,25,1,3,27/12/2013,10/01/2014,06/01/2014,Shipped Early,17.2,60,0,1032,135.35,73.37
397,10396,72,25,1,3,27/12/2013,10/01/2014,06/01/2014,Shipped Early,27.8,21,0,583.8,135.35,41.51
398,10397,21,60,5,1,27/12/2013,24/01/2014,02/01/2014,Shipped Early,8,10,0.15,68,60.26,5.72
399,10397,51,60,5,1,27/12/2013,24/01/2014,02/01/2014,Shipped Early,42.4,18,0.15,648.72,60.26,54.54
400,10398,35,71,2,3,30/12/2013,27/01/2014,09/01/2014,Shipped Early,14.4,30,0,432,89.16,15.37
401,10398,55,71,2,3,30/12/2013,27/01/2014,09/01/2014,Shipped Early,19.2,120,0.1,2073.6,89.16,73.79
402,10399,68,83,8,3,31/12/2013,14/01/2014,08/01/2014,Shipped Early,10,60,0,600,27.36,9.3
403,10399,71,83,8,3,31/12/2013,14/01/2014,08/01/2014,Shipped Early,17.2,30,0,516,27.36,8
404,10399,76,83,8,3,31/12/2013,14/01/2014,08/01/2014,Shipped Early,14.4,35,0,504,27.36,7.81
405,10399,77,83,8,3,31/12/2013,14/01/2014,08/01/2014,Shipped Early,10.4,14,0,145.6,27.36,2.26
406,10400,29,19,1,3,01/01/2014,29/01/2014,16/01/2014,Shipped Early,99,21,0,2079,83.93,56.97
407,10400,35,19,1,3,01/01/2014,29/01/2014,16/01/2014,Shipped Early,14.4,35,0,504,83.93,13.81
408,10400,49,19,1,3,01/01/2014,29/01/2014,16/01/2014,Shipped Early,16,30,0,480,83.93,13.15
409,10401,30,65,1,1,01/01/2014,29/01/2014,10/01/2014,Shipped Early,20.7,18,0,372.6,12.51,1.2
410,10401,56,65,1,1,01/01/2014,29/01/2014,10/01/2014,Shipped Early,30.4,70,0,2128,12.51,6.88
411,10401,65,65,1,1,01/01/2014,29/01/2014,10/01/2014,Shipped Early,16.8,20,0,336,12.51,1.09
412,10401,71,65,1,1,01/01/2014,29/01/2014,10/01/2014,Shipped Early,17.2,60,0,1032,12.51,3.34
413,10402,23,20,8,2,02/01/2014,13/02/2014,10/01/2014,Shipped Early,7.2,60,0,432,67.88,10.81
414,10402,63,20,8,2,02/01/2014,13/02/2014,10/01/2014,Shipped Early,35.1,65,0,2281.5,67.88,57.07
415,10403,16,20,4,3,03/01/2014,31/01/2014,09/01/2014,Shipped Early,13.9,21,0.15,248.12,73.79,21.41
416,10403,48,20,4,3,03/01/2014,31/01/2014,09/01/2014,Shipped Early,10.2,70,0.15,606.9,73.79,52.38
417,10404,26,49,2,1,03/01/2014,31/01/2014,08/01/2014,Shipped Early,24.9,30,0.05,709.65,155.97,69.56
418,10404,42,49,2,1,03/01/2014,31/01/2014,08/01/2014,Shipped Early,11.2,40,0.05,425.6,155.97,41.72
419,10404,49,49,2,1,03/01/2014,31/01/2014,08/01/2014,Shipped Early,16,30,0.05,456,155.97,44.7
420,10405,3,47,1,1,06/01/2014,03/02/2014,22/01/2014,Shipped Early,8,50,0,400,34.82,34.82
421,10406,1,62,7,1,07/01/2014,18/02/2014,13/01/2014,Shipped Early,14.4,10,0,144,108.04,8.5
422,10406,21,62,7,1,07/01/2014,18/02/2014,13/01/2014,Shipped Early,8,30,0.1,216,108.04,12.75
423,10406,28,62,7,1,07/01/2014,18/02/2014,13/01/2014,Shipped Early,36.4,42,0.1,1375.92,108.04,81.2
424,10406,36,62,7,1,07/01/2014,18/02/2014,13/01/2014,Shipped Early,15.2,5,0.1,68.4,108.04,4.04
425,10406,40,62,7,1,07/01/2014,18/02/2014,13/01/2014,Shipped Early,14.7,2,0.1,26.46,108.04,1.56
426,10407,11,56,2,2,07/01/2014,04/02/2014,30/01/2014,Shipped Early,16.8,30,0,504,91.48,38.61
427,10407,69,56,2,2,07/01/2014,04/02/2014,30/01/2014,Shipped Early,28.8,15,0,432,91.48,33.1
428,10407,71,56,2,2,07/01/2014,04/02/2014,30/01/2014,Shipped Early,17.2,15,0,258,91.48,19.77
429,10408,37,23,8,1,08/01/2014,05/02/2014,14/01/2014,Shipped Early,20.8,10,0,208,11.26,1.44
430,10408,54,23,8,1,08/01/2014,05/02/2014,14/01/2014,Shipped Early,5.9,6,0,35.4,11.26,0.25
431,10408,62,23,8,1,08/01/2014,05/02/2014,14/01/2014,Shipped Early,39.4,35,0,1379,11.26,9.57
432,10409,14,54,3,1,09/01/2014,06/02/2014,14/01/2014,Shipped Early,18.6,12,0,223.2,29.83,20.86
433,10409,21,54,3,1,09/01/2014,06/02/2014,14/01/2014,Shipped Early,8,12,0,96,29.83,8.97
434,10410,33,10,3,3,10/01/2014,07/02/2014,15/01/2014,Shipped Early,2,49,0,98,2.4,0.29
435,10410,59,10,3,3,10/01/2014,07/02/2014,15/01/2014,Shipped Early,44,16,0,704,2.4,2.11
436,10411,41,10,9,3,10/01/2014,07/02/2014,21/01/2014,Shipped Early,7.7,25,0.2,154,23.65,3.77
437,10411,44,10,9,3,10/01/2014,07/02/2014,21/01/2014,Shipped Early,15.5,40,0.2,496,23.65,12.13
438,10411,59,10,9,3,10/01/2014,07/02/2014,21/01/2014,Shipped Early,44,9,0.2,316.8,23.65,7.75
439,10412,14,87,8,2,13/01/2014,10/02/2014,15/01/2014,Shipped Early,18.6,20,0.1,334.8,3.77,3.77
440,10413,1,41,3,2,14/01/2014,11/02/2014,16/01/2014,Shipped Early,14.4,24,0,345.6,95.66,15.57
441,10413,62,41,3,2,14/01/2014,11/02/2014,16/01/2014,Shipped Early,39.4,40,0,1576,95.66,71.01
442,10413,76,41,3,2,14/01/2014,11/02/2014,16/01/2014,Shipped Early,14.4,14,0,201.6,95.66,9.08
443,10414,19,21,2,3,14/01/2014,11/02/2014,17/01/2014,Shipped Early,7.3,18,0.05,124.83,21.48,11.93
444,10414,33,21,2,3,14/01/2014,11/02/2014,17/01/2014,Shipped Early,2,50,0,100,21.48,9.55
445,10415,17,36,3,1,15/01/2014,12/02/2014,24/01/2014,Shipped Early,31.2,2,0,62.4,0.2,0.12
446,10415,33,36,3,1,15/01/2014,12/02/2014,24/01/2014,Shipped Early,2,20,0,40,0.2,0.08
447,10416,19,87,8,3,16/01/2014,13/02/2014,27/01/2014,Shipped Early,7.3,20,0,146,22.72,4.61
448,10416,53,87,8,3,16/01/2014,13/02/2014,27/01/2014,Shipped Early,26.2,10,0,262,22.72,8.27
449,10416,57,87,8,3,16/01/2014,13/02/2014,27/01/2014,Shipped Early,15.6,20,0,312,22.72,9.85
450,10417,38,73,4,3,16/01/2014,13/02/2014,28/01/2014,Shipped Early,210.8,50,0,10540,70.29,66.22
451,10417,46,73,4,3,16/01/2014,13/02/2014,28/01/2014,Shipped Early,9.6,2,0.25,14.4,70.29,0.09
452,10417,68,73,4,3,16/01/2014,13/02/2014,28/01/2014,Shipped Early,10,36,0.25,270,70.29,1.7
453,10417,77,73,4,3,16/01/2014,13/02/2014,28/01/2014,Shipped Early,10.4,35,0,364,70.29,2.29
454,10418,2,63,4,1,17/01/2014,14/02/2014,24/01/2014,Shipped Early,15.2,60,0,912,17.55,8.82
455,10418,47,63,4,1,17/01/2014,14/02/2014,24/01/2014,Shipped Early,7.6,55,0,418,17.55,4.04
456,10418,61,63,4,1,17/01/2014,14/02/2014,24/01/2014,Shipped Early,22.8,16,0,364.8,17.55,3.53
457,10418,74,63,4,1,17/01/2014,14/02/2014,24/01/2014,Shipped Early,8,15,0,120,17.55,1.16
458,10419,60,68,4,2,20/01/2014,17/02/2014,30/01/2014,Shipped Early,27.2,60,0.05,1550.4,137.35,101.52
459,10419,69,68,4,2,20/01/2014,17/02/2014,30/01/2014,Shipped Early,28.8,20,0.05,547.2,137.35,35.83
460,10420,9,88,3,1,21/01/2014,18/02/2014,27/01/2014,Shipped Early,77.6,20,0.1,1396.8,44.12,36.08
461,10420,13,88,3,1,21/01/2014,18/02/2014,27/01/2014,Shipped Early,4.8,2,0.1,8.64,44.12,0.22
462,10420,70,88,3,1,21/01/2014,18/02/2014,27/01/2014,Shipped Early,12,8,0.1,86.4,44.12,2.23
463,10420,73,88,3,1,21/01/2014,18/02/2014,27/01/2014,Shipped Early,12,20,0.1,216,44.12,5.58
464,10421,19,61,8,1,21/01/2014,04/03/2014,27/01/2014,Shipped Early,7.3,4,0.15,24.82,99.23,2.06
465,10421,26,61,8,1,21/01/2014,04/03/2014,27/01/2014,Shipped Early,24.9,30,0,747,99.23,62.07
466,10421,53,61,8,1,21/01/2014,04/03/2014,27/01/2014,Shipped Early,26.2,15,0.15,334.05,99.23,27.76
467,10421,77,61,8,1,21/01/2014,04/03/2014,27/01/2014,Shipped Early,10.4,10,0.15,88.4,99.23,7.35
468,10422,26,27,2,1,22/01/2014,19/02/2014,31/01/2014,Shipped Early,24.9,2,0,49.8,3.02,3.02
469,10423,31,31,6,3,23/01/2014,06/02/2014,24/02/2014,Shipping Delayed,10,14,0,140,24.5,3.36
470,10423,59,31,6,3,23/01/2014,06/02/2014,24/02/2014,Shipping Delayed,44,20,0,880,24.5,21.14
471,10424,35,51,7,2,23/01/2014,20/02/2014,27/01/2014,Shipped Early,14.4,60,0.2,691.2,370.61,27.86
472,10424,38,51,7,2,23/01/2014,20/02/2014,27/01/2014,Shipped Early,210.8,49,0.2,8263.36,370.61,333.08
473,10424,68,51,7,2,23/01/2014,20/02/2014,27/01/2014,Shipped Early,10,30,0.2,240,370.61,9.67
474,10425,55,41,6,2,24/01/2014,21/02/2014,14/02/2014,Shipped Early,19.2,10,0.25,144,7.93,3.17
475,10425,76,41,6,2,24/01/2014,21/02/2014,14/02/2014,Shipped Early,14.4,20,0.25,216,7.93,4.76
476,10426,56,29,4,1,27/01/2014,24/02/2014,06/02/2014,Shipped Early,30.4,5,0,152,18.69,8.4
477,10426,64,29,4,1,27/01/2014,24/02/2014,06/02/2014,Shipped Early,26.6,7,0,186.2,18.69,10.29
478,10427,14,59,4,2,27/01/2014,24/02/2014,03/03/2014,Shipping Delayed,18.6,35,0,651,31.29,31.29
479,10428,46,66,7,1,28/01/2014,25/02/2014,04/02/2014,Shipped Early,9.6,20,0,192,11.09,11.09
480,10429,50,37,3,2,29/01/2014,12/03/2014,07/02/2014,Shipped Early,13,40,0,520,56.63,20.43
481,10429,63,37,3,2,29/01/2014,12/03/2014,07/02/2014,Shipped Early,35.1,35,0.25,921.38,56.63,36.2
482,10430,17,20,4,1,30/01/2014,13/02/2014,03/02/2014,Shipped Early,31.2,45,0.2,1123.2,458.78,105.18
483,10430,21,20,4,1,30/01/2014,13/02/2014,03/02/2014,Shipped Early,8,50,0,400,458.78,37.46
484,10430,56,20,4,1,30/01/2014,13/02/2014,03/02/2014,Shipped Early,30.4,30,0,912,458.78,85.4
485,10430,59,20,4,1,30/01/2014,13/02/2014,03/02/2014,Shipped Early,44,70,0.2,2464,458.78,230.74
486,10431,17,10,4,2,30/01/2014,13/02/2014,07/02/2014,Shipped Early,31.2,50,0.25,1170,44.17,27.31
487,10431,40,10,4,2,30/01/2014,13/02/2014,07/02/2014,Shipped Early,14.7,50,0.25,551.25,44.17,12.87
488,10431,47,10,4,2,30/01/2014,13/02/2014,07/02/2014,Shipped Early,7.6,30,0.25,171,44.17,3.99
489,10432,26,75,3,2,31/01/2014,14/02/2014,07/02/2014,Shipped Early,24.9,10,0,249,4.34,2.23
490,10432,54,75,3,2,31/01/2014,14/02/2014,07/02/2014,Shipped Early,5.9,40,0,236,4.34,2.11
491,10433,56,60,3,3,03/02/2014,03/03/2014,04/03/2014,Shipping Delayed,30.4,28,0,851.2,73.83,73.83
492,10434,11,24,3,2,03/02/2014,03/03/2014,13/02/2014,Shipped Early,16.8,6,0,100.8,17.92,5.63
493,10434,76,24,3,2,03/02/2014,03/03/2014,13/02/2014,Shipped Early,14.4,18,0.15,220.32,17.92,12.29
494,10435,2,16,8,2,04/02/2014,18/03/2014,07/02/2014,Shipped Early,15.2,10,0,152,9.21,2.22
495,10435,22,16,8,2,04/02/2014,18/03/2014,07/02/2014,Shipped Early,16.8,12,0,201.6,9.21,2.94
496,10435,72,16,8,2,04/02/2014,18/03/2014,07/02/2014,Shipped Early,27.8,10,0,278,9.21,4.05
497,10436,46,7,3,2,05/02/2014,05/03/2014,11/02/2014,Shipped Early,9.6,5,0,48,156.66,3.77
498,10436,56,7,3,2,05/02/2014,05/03/2014,11/02/2014,Shipped Early,30.4,40,0.1,1094.4,156.66,85.96
499,10436,64,7,3,2,05/02/2014,05/03/2014,11/02/2014,Shipped Early,26.6,30,0.1,718.2,156.66,56.41
500,10436,75,7,3,2,05/02/2014,05/03/2014,11/02/2014,Shipped Early,6.2,24,0.1,133.92,156.66,10.52
501,10437,53,87,8,1,05/02/2014,05/03/2014,12/02/2014,Shipped Early,26.2,15,0,393,19.97,19.97
502,10438,19,79,3,2,06/02/2014,06/03/2014,14/02/2014,Shipped Early,7.3,15,0.2,87.6,8.24,1.59
503,10438,34,79,3,2,06/02/2014,06/03/2014,14/02/2014,Shipped Early,11.2,20,0.2,179.2,8.24,3.25
504,10438,57,79,3,2,06/02/2014,06/03/2014,14/02/2014,Shipped Early,15.6,15,0.2,187.2,8.24,3.4
505,10439,12,51,6,3,07/02/2014,07/03/2014,10/02/2014,Shipped Early,30.4,15,0,456,4.07,1.72
506,10439,16,51,6,3,07/02/2014,07/03/2014,10/02/2014,Shipped Early,13.9,16,0,222.4,4.07,0.84
507,10439,64,51,6,3,07/02/2014,07/03/2014,10/02/2014,Shipped Early,26.6,6,0,159.6,4.07,0.6
508,10439,74,51,6,3,07/02/2014,07/03/2014,10/02/2014,Shipped Early,8,30,0,240,4.07,0.91
509,10440,2,71,4,2,10/02/2014,10/03/2014,28/02/2014,Shipped Early,15.2,45,0.15,581.4,86.53,10.22
510,10440,16,71,4,2,10/02/2014,10/03/2014,28/02/2014,Shipped Early,13.9,49,0.15,578.94,86.53,10.17
511,10440,29,71,4,2,10/02/2014,10/03/2014,28/02/2014,Shipped Early,99,24,0.15,2019.6,86.53,35.49
512,10440,61,71,4,2,10/02/2014,10/03/2014,28/02/2014,Shipped Early,22.8,90,0.15,1744.2,86.53,30.65
513,10441,27,55,3,2,10/02/2014,24/03/2014,14/03/2014,Shipped Early,35.1,50,0,1755,73.02,73.02
514,10442,11,20,3,2,11/02/2014,11/03/2014,18/02/2014,Shipped Early,16.8,30,0,504,47.94,13.48
515,10442,54,20,3,2,11/02/2014,11/03/2014,18/02/2014,Shipped Early,5.9,80,0,472,47.94,12.63
516,10442,66,20,3,2,11/02/2014,11/03/2014,18/02/2014,Shipped Early,13.6,60,0,816,47.94,21.83
517,10443,11,66,8,1,12/02/2014,12/03/2014,14/02/2014,Shipped Early,16.8,6,0.2,80.64,13.95,2.17
518,10443,28,66,8,1,12/02/2014,12/03/2014,14/02/2014,Shipped Early,36.4,12,0,436.8,13.95,11.78
519,10444,17,5,3,3,12/02/2014,12/03/2014,21/02/2014,Shipped Early,31.2,10,0,312,3.5,1.06
520,10444,26,5,3,3,12/02/2014,12/03/2014,21/02/2014,Shipped Early,24.9,15,0,373.5,3.5,1.27
521,10444,35,5,3,3,12/02/2014,12/03/2014,21/02/2014,Shipped Early,14.4,8,0,115.2,3.5,0.39
522,10444,41,5,3,3,12/02/2014,12/03/2014,21/02/2014,Shipped Early,7.7,30,0,231,3.5,0.78
523,10445,39,5,3,1,13/02/2014,13/03/2014,20/02/2014,Shipped Early,14.4,6,0,86.4,9.3,4.59
524,10445,54,5,3,1,13/02/2014,13/03/2014,20/02/2014,Shipped Early,5.9,15,0,88.5,9.3,4.71
525,10446,19,79,6,1,14/02/2014,14/03/2014,19/02/2014,Shipped Early,7.3,12,0.1,78.84,14.68,4.7
526,10446,24,79,6,1,14/02/2014,14/03/2014,19/02/2014,Shipped Early,3.6,20,0.1,64.8,14.68,3.86
527,10446,31,79,6,1,14/02/2014,14/03/2014,19/02/2014,Shipped Early,10,3,0.1,27,14.68,1.61
528,10446,52,79,6,1,14/02/2014,14/03/2014,19/02/2014,Shipped Early,5.6,15,0.1,75.6,14.68,4.51
529,10447,19,67,4,2,14/02/2014,14/03/2014,07/03/2014,Shipped Early,7.3,40,0,292,68.66,21.93
530,10447,65,67,4,2,14/02/2014,14/03/2014,07/03/2014,Shipped Early,16.8,35,0,588,68.66,44.15
531,10447,71,67,4,2,14/02/2014,14/03/2014,07/03/2014,Shipped Early,17.2,2,0,34.4,68.66,2.58
532,10448,26,64,4,2,17/02/2014,17/03/2014,24/02/2014,Shipped Early,24.9,6,0,149.4,38.82,13.08
533,10448,40,64,4,2,17/02/2014,17/03/2014,24/02/2014,Shipped Early,14.7,20,0,294,38.82,25.74
534,10449,10,7,3,2,18/02/2014,18/03/2014,27/02/2014,Shipped Early,24.8,14,0,347.2,53.3,10.07
535,10449,52,7,3,2,18/02/2014,18/03/2014,27/02/2014,Shipped Early,5.6,20,0,112,53.3,3.25
536,10449,62,7,3,2,18/02/2014,18/03/2014,27/02/2014,Shipped Early,39.4,35,0,1379,53.3,39.99
537,10450,10,84,8,2,19/02/2014,19/03/2014,11/03/2014,Shipped Early,24.8,20,0.2,396.8,7.23,6.75
538,10450,54,84,8,2,19/02/2014,19/03/2014,11/03/2014,Shipped Early,5.9,6,0.2,28.32,7.23,0.48
539,10451,55,63,4,3,19/02/2014,05/03/2014,12/03/2014,Shipping Delayed,19.2,120,0.1,2073.6,189.09,101.85
540,10451,64,63,4,3,19/02/2014,05/03/2014,12/03/2014,Shipping Delayed,26.6,35,0.1,837.9,189.09,41.16
541,10451,65,63,4,3,19/02/2014,05/03/2014,12/03/2014,Shipping Delayed,16.8,28,0.1,423.36,189.09,20.79
542,10451,77,63,4,3,19/02/2014,05/03/2014,12/03/2014,Shipping Delayed,10.4,55,0.1,514.8,189.09,25.29
543,10452,28,71,8,1,20/02/2014,20/03/2014,26/02/2014,Shipped Early,36.4,15,0,546,140.26,37.94
544,10452,44,71,8,1,20/02/2014,20/03/2014,26/02/2014,Shipped Early,15.5,100,0.05,1472.5,140.26,102.32
545,10453,48,4,1,2,21/02/2014,21/03/2014,26/02/2014,Shipped Early,10.2,15,0.1,137.7,25.36,8.57
546,10453,70,4,1,2,21/02/2014,21/03/2014,26/02/2014,Shipped Early,12,25,0.1,270,25.36,16.79
547,10454,16,41,4,3,21/02/2014,21/03/2014,25/02/2014,Shipped Early,13.9,20,0.2,222.4,2.74,1.84
548,10454,33,41,4,3,21/02/2014,21/03/2014,25/02/2014,Shipped Early,2,20,0.2,32,2.74,0.26
549,10454,46,41,4,3,21/02/2014,21/03/2014,25/02/2014,Shipped Early,9.6,10,0.2,76.8,2.74,0.64
550,10455,39,87,8,2,24/02/2014,07/04/2014,03/03/2014,Shipped Early,14.4,20,0,288,180.45,19.36
551,10455,53,87,8,2,24/02/2014,07/04/2014,03/03/2014,Shipped Early,26.2,50,0,1310,180.45,88.07
552,10455,61,87,8,2,24/02/2014,07/04/2014,03/03/2014,Shipped Early,22.8,25,0,570,180.45,38.32
553,10455,71,87,8,2,24/02/2014,07/04/2014,03/03/2014,Shipped Early,17.2,30,0,516,180.45,34.69
554,10456,21,39,8,2,25/02/2014,08/04/2014,28/02/2014,Shipped Early,8,40,0.15,272,8.12,3.96
555,10456,49,39,8,2,25/02/2014,08/04/2014,28/02/2014,Shipped Early,16,21,0.15,285.6,8.12,4.16
556,10457,59,39,2,1,25/02/2014,25/03/2014,03/03/2014,Shipped Early,44,36,0,1584,11.57,11.57
557,10458,26,76,7,3,26/02/2014,26/03/2014,04/03/2014,Shipped Early,24.9,30,0,747,147.06,28.23
558,10458,28,76,7,3,26/02/2014,26/03/2014,04/03/2014,Shipped Early,36.4,30,0,1092,147.06,41.27
559,10458,43,76,7,3,26/02/2014,26/03/2014,04/03/2014,Shipped Early,36.8,20,0,736,147.06,27.82
560,10458,56,76,7,3,26/02/2014,26/03/2014,04/03/2014,Shipped Early,30.4,15,0,456,147.06,17.23
561,10458,71,76,7,3,26/02/2014,26/03/2014,04/03/2014,Shipped Early,17.2,50,0,860,147.06,32.5
562,10459,7,84,4,2,27/02/2014,27/03/2014,28/02/2014,Shipped Early,24,16,0.05,364.8,25.09,5.52
563,10459,46,84,4,2,27/02/2014,27/03/2014,28/02/2014,Shipped Early,9.6,20,0.05,182.4,25.09,2.76
564,10459,72,84,4,2,27/02/2014,27/03/2014,28/02/2014,Shipped Early,27.8,40,0,1112,25.09,16.82
565,10460,68,24,8,1,28/02/2014,28/03/2014,03/03/2014,Shipped Early,10,21,0.25,157.5,16.27,14.55
566,10460,75,24,8,1,28/02/2014,28/03/2014,03/03/2014,Shipped Early,6.2,4,0.25,18.6,16.27,1.72
567,10461,21,46,1,3,28/02/2014,28/03/2014,05/03/2014,Shipped Early,8,40,0.25,240,148.61,23.18
568,10461,30,46,1,3,28/02/2014,28/03/2014,05/03/2014,Shipped Early,20.7,28,0.25,434.7,148.61,41.98
569,10461,55,46,1,3,28/02/2014,28/03/2014,05/03/2014,Shipped Early,19.2,60,0.25,864,148.61,83.45
570,10462,13,16,2,1,03/03/2014,31/03/2014,18/03/2014,Shipped Early,4.8,1,0,4.8,6.17,0.19
571,10462,23,16,2,1,03/03/2014,31/03/2014,18/03/2014,Shipped Early,7.2,21,0,151.2,6.17,5.98
572,10463,19,76,5,3,04/03/2014,01/04/2014,06/03/2014,Shipped Early,7.3,21,0,153.3,14.78,3.18
573,10463,42,76,5,3,04/03/2014,01/04/2014,06/03/2014,Shipped Early,11.2,50,0,560,14.78,11.6
574,10464,4,28,4,2,04/03/2014,01/04/2014,14/03/2014,Shipped Early,17.6,16,0.2,225.28,89,12.46
575,10464,43,28,4,2,04/03/2014,01/04/2014,14/03/2014,Shipped Early,36.8,3,0,110.4,89,6.11
576,10464,56,28,4,2,04/03/2014,01/04/2014,14/03/2014,Shipped Early,30.4,30,0.2,729.6,89,40.35
577,10464,60,28,4,2,04/03/2014,01/04/2014,14/03/2014,Shipped Early,27.2,20,0,544,89,30.09
578,10465,24,83,1,3,05/03/2014,02/04/2014,14/03/2014,Shipped Early,3.6,25,0,90,145.04,5.18
579,10465,29,83,1,3,05/03/2014,02/04/2014,14/03/2014,Shipped Early,99,18,0.1,1603.8,145.04,92.38
580,10465,40,83,1,3,05/03/2014,02/04/2014,14/03/2014,Shipped Early,14.7,20,0,294,145.04,16.93
581,10465,45,83,1,3,05/03/2014,02/04/2014,14/03/2014,Shipped Early,7.6,30,0.1,205.2,145.04,11.82
582,10465,50,83,1,3,05/03/2014,02/04/2014,14/03/2014,Shipped Early,13,25,0,325,145.04,18.72
583,10466,11,15,4,1,06/03/2014,03/04/2014,13/03/2014,Shipped Early,16.8,10,0,168,11.93,9.28
584,10466,46,15,4,1,06/03/2014,03/04/2014,13/03/2014,Shipped Early,9.6,5,0,48,11.93,2.65
585,10467,24,49,8,2,06/03/2014,03/04/2014,11/03/2014,Shipped Early,3.6,28,0,100.8,4.93,2.11
586,10467,25,49,8,2,06/03/2014,03/04/2014,11/03/2014,Shipped Early,11.2,12,0,134.4,4.93,2.82
587,10468,30,39,3,3,07/03/2014,04/04/2014,12/03/2014,Shipped Early,20.7,8,0,165.6,44.12,10.18
588,10468,43,39,3,3,07/03/2014,04/04/2014,12/03/2014,Shipped Early,36.8,15,0,552,44.12,33.94
589,10469,2,89,1,1,10/03/2014,07/04/2014,14/03/2014,Shipped Early,15.2,40,0.15,516.8,60.18,32.51
590,10469,16,89,1,1,10/03/2014,07/04/2014,14/03/2014,Shipped Early,13.9,35,0.15,413.53,60.18,26.01
591,10469,44,89,1,1,10/03/2014,07/04/2014,14/03/2014,Shipped Early,15.5,2,0.15,26.35,60.18,1.66
592,10470,18,9,4,2,11/03/2014,08/04/2014,14/03/2014,Shipped Early,50,30,0,1500,64.56,53.19
593,10470,23,9,4,2,11/03/2014,08/04/2014,14/03/2014,Shipped Early,7.2,15,0,108,64.56,3.83
594,10470,64,9,4,2,11/03/2014,08/04/2014,14/03/2014,Shipped Early,26.6,8,0,212.8,64.56,7.55
595,10471,7,11,2,3,11/03/2014,08/04/2014,18/03/2014,Shipped Early,24,30,0,720,45.59,24.72
596,10471,56,11,2,3,11/03/2014,08/04/2014,18/03/2014,Shipped Early,30.4,20,0,608,45.59,20.87
597,10472,24,72,8,1,12/03/2014,09/04/2014,19/03/2014,Shipped Early,3.6,80,0.05,273.6,4.2,1.11
598,10472,51,72,8,1,12/03/2014,09/04/2014,19/03/2014,Shipped Early,42.4,18,0,763.2,4.2,3.09
599,10473,33,38,1,3,13/03/2014,27/03/2014,21/03/2014,Shipped Early,2,12,0,24,16.37,1.71
600,10473,71,38,1,3,13/03/2014,27/03/2014,21/03/2014,Shipped Early,17.2,12,0,206.4,16.37,14.66
601,10474,14,58,5,2,13/03/2014,10/04/2014,21/03/2014,Shipped Early,18.6,12,0,223.2,83.49,14.92
602,10474,28,58,5,2,13/03/2014,10/04/2014,21/03/2014,Shipped Early,36.4,18,0,655.2,83.49,43.79
603,10474,40,58,5,2,13/03/2014,10/04/2014,21/03/2014,Shipped Early,14.7,21,0,308.7,83.49,20.63
604,10474,75,58,5,2,13/03/2014,10/04/2014,21/03/2014,Shipped Early,6.2,10,0,62,83.49,4.14
605,10475,31,76,9,1,14/03/2014,11/04/2014,04/04/2014,Shipped Early,10,35,0.15,297.5,68.52,13.54
606,10475,66,76,9,1,14/03/2014,11/04/2014,04/04/2014,Shipped Early,13.6,60,0.15,693.6,68.52,31.57
607,10475,76,76,9,1,14/03/2014,11/04/2014,04/04/2014,Shipped Early,14.4,42,0.15,514.08,68.52,23.4
608,10476,55,35,8,3,17/03/2014,14/04/2014,24/03/2014,Shipped Early,19.2,2,0.05,36.48,4.41,0.89
609,10476,70,35,8,3,17/03/2014,14/04/2014,24/03/2014,Shipped Early,12,12,0,144,4.41,3.52
610,10477,1,60,5,2,17/03/2014,14/04/2014,25/03/2014,Shipped Early,14.4,15,0,216,13.02,5.04
611,10477,21,60,5,2,17/03/2014,14/04/2014,25/03/2014,Shipped Early,8,21,0.25,126,13.02,2.94
612,10477,39,60,5,2,17/03/2014,14/04/2014,25/03/2014,Shipped Early,14.4,20,0.25,216,13.02,5.04
613,10478,10,84,2,3,18/03/2014,01/04/2014,26/03/2014,Shipped Early,24.8,20,0.05,471.2,4.81,4.81
614,10479,38,65,3,3,19/03/2014,16/04/2014,21/03/2014,Shipped Early,210.8,30,0,6324,708.95,427.17
615,10479,53,65,3,3,19/03/2014,16/04/2014,21/03/2014,Shipped Early,26.2,28,0,733.6,708.95,49.55
616,10479,59,65,3,3,19/03/2014,16/04/2014,21/03/2014,Shipped Early,44,60,0,2640,708.95,178.33
617,10479,64,65,3,3,19/03/2014,16/04/2014,21/03/2014,Shipped Early,26.6,30,0,798,708.95,53.9
618,10480,47,23,6,2,20/03/2014,17/04/2014,24/03/2014,Shipped Early,7.6,30,0,228,1.35,0.41
619,10480,59,23,6,2,20/03/2014,17/04/2014,24/03/2014,Shipped Early,44,12,0,528,1.35,0.94
620,10481,49,67,8,2,20/03/2014,17/04/2014,25/03/2014,Shipped Early,16,24,0,384,64.33,16.78
621,10481,60,67,8,2,20/03/2014,17/04/2014,25/03/2014,Shipped Early,27.2,40,0,1088,64.33,47.55
622,10482,40,43,1,3,21/03/2014,18/04/2014,10/04/2014,Shipped Early,14.7,10,0,147,7.48,7.48
623,10483,34,89,7,2,24/03/2014,21/04/2014,25/04/2014,Shipping Delayed,11.2,35,0.05,372.4,15.28,8.51
624,10483,77,89,7,2,24/03/2014,21/04/2014,25/04/2014,Shipping Delayed,10.4,30,0.05,296.4,15.28,6.77
625,10484,21,11,3,3,24/03/2014,21/04/2014,01/04/2014,Shipped Early,8,14,0,112,6.88,2
626,10484,40,11,3,3,24/03/2014,21/04/2014,01/04/2014,Shipped Early,14.7,10,0,147,6.88,2.62
627,10484,51,11,3,3,24/03/2014,21/04/2014,01/04/2014,Shipped Early,42.4,3,0,127.2,6.88,2.27
628,10485,2,47,4,2,25/03/2014,08/04/2014,31/03/2014,Shipped Early,15.2,20,0.1,273.6,64.45,11.13
629,10485,3,47,4,2,25/03/2014,08/04/2014,31/03/2014,Shipped Early,8,20,0.1,144,64.45,5.86
630,10485,55,47,4,2,25/03/2014,08/04/2014,31/03/2014,Shipped Early,19.2,30,0.1,518.4,64.45,21.09
631,10485,70,47,4,2,25/03/2014,08/04/2014,31/03/2014,Shipped Early,12,60,0.1,648,64.45,26.37
632,10486,11,35,1,2,26/03/2014,23/04/2014,02/04/2014,Shipped Early,16.8,5,0,84,30.53,2.02
633,10486,51,35,1,2,26/03/2014,23/04/2014,02/04/2014,Shipped Early,42.4,25,0,1060,30.53,25.44
634,10486,74,35,1,2,26/03/2014,23/04/2014,02/04/2014,Shipped Early,8,16,0,128,30.53,3.07
635,10487,19,62,2,2,26/03/2014,23/04/2014,28/03/2014,Shipped Early,7.3,5,0,36.5,71.07,2.92
636,10487,26,62,2,2,26/03/2014,23/04/2014,28/03/2014,Shipped Early,24.9,30,0,747,71.07,59.67
637,10487,54,62,2,2,26/03/2014,23/04/2014,28/03/2014,Shipped Early,5.9,24,0.25,106.2,71.07,8.48
638,10488,59,25,8,2,27/03/2014,24/04/2014,02/04/2014,Shipped Early,44,30,0,1320,4.93,4.3
639,10488,73,25,8,2,27/03/2014,24/04/2014,02/04/2014,Shipped Early,12,20,0.2,192,4.93,0.63
640,10489,11,59,6,2,28/03/2014,25/04/2014,09/04/2014,Shipped Early,16.8,15,0.25,189,5.29,2.28
641,10489,16,59,6,2,28/03/2014,25/04/2014,09/04/2014,Shipped Early,13.9,18,0,250.2,5.29,3.01
642,10490,59,35,7,2,31/03/2014,28/04/2014,03/04/2014,Shipped Early,44,60,0,2640,210.19,175.42
643,10490,68,35,7,2,31/03/2014,28/04/2014,03/04/2014,Shipped Early,10,30,0,300,210.19,19.93
644,10490,75,35,7,2,31/03/2014,28/04/2014,03/04/2014,Shipped Early,6.2,36,0,223.2,210.19,14.83
645,10491,44,28,8,3,31/03/2014,28/04/2014,08/04/2014,Shipped Early,15.5,15,0.15,197.63,16.96,12.92
646,10491,77,28,8,3,31/03/2014,28/04/2014,08/04/2014,Shipped Early,10.4,7,0.15,61.88,16.96,4.04
647,10492,25,10,3,1,01/04/2014,29/04/2014,11/04/2014,Shipped Early,11.2,60,0.05,638.4,62.89,47.17
648,10492,42,10,3,1,01/04/2014,29/04/2014,11/04/2014,Shipped Early,11.2,20,0.05,212.8,62.89,15.72
649,10493,65,41,4,3,02/04/2014,30/04/2014,10/04/2014,Shipped Early,16.8,15,0.1,226.8,10.64,3.97
650,10493,66,41,4,3,02/04/2014,30/04/2014,10/04/2014,Shipped Early,13.6,10,0.1,122.4,10.64,2.14
651,10493,69,41,4,3,02/04/2014,30/04/2014,10/04/2014,Shipped Early,28.8,10,0.1,259.2,10.64,4.53
652,10494,56,15,4,2,02/04/2014,30/04/2014,09/04/2014,Shipped Early,30.4,30,0,912,65.99,65.99
653,10495,23,42,3,3,03/04/2014,01/05/2014,11/04/2014,Shipped Early,7.2,10,0,72,4.65,1.2
654,10495,41,42,3,3,03/04/2014,01/05/2014,11/04/2014,Shipped Early,7.7,20,0,154,4.65,2.58
655,10495,77,42,3,3,03/04/2014,01/05/2014,11/04/2014,Shipped Early,10.4,5,0,52,4.65,0.87
656,10496,31,81,7,2,04/04/2014,02/05/2014,07/04/2014,Shipped Early,10,20,0.05,190,46.77,46.77
657,10497,56,44,7,1,04/04/2014,02/05/2014,07/04/2014,Shipped Early,30.4,14,0,425.6,36.21,11.16
658,10497,72,44,7,1,04/04/2014,02/05/2014,07/04/2014,Shipped Early,27.8,25,0,695,36.21,18.23
659,10497,77,44,7,1,04/04/2014,02/05/2014,07/04/2014,Shipped Early,10.4,25,0,260,36.21,6.82
660,10498,24,35,8,2,07/04/2014,05/05/2014,11/04/2014,Shipped Early,4.5,14,0,63,29.75,3.26
661,10498,40,35,8,2,07/04/2014,05/05/2014,11/04/2014,Shipped Early,18.4,5,0,92,29.75,4.76
662,10498,42,35,8,2,07/04/2014,05/05/2014,11/04/2014,Shipped Early,14,30,0,420,29.75,21.73
663,10499,28,46,4,2,08/04/2014,06/05/2014,16/04/2014,Shipped Early,45.6,20,0,912,102.02,65.89
664,10499,49,46,4,2,08/04/2014,06/05/2014,16/04/2014,Shipped Early,20,25,0,500,102.02,36.13
665,10500,15,41,6,1,09/04/2014,07/05/2014,17/04/2014,Shipped Early,15.5,12,0.05,176.7,42.68,14.41
666,10500,28,41,6,1,09/04/2014,07/05/2014,17/04/2014,Shipped Early,45.6,8,0.05,346.56,42.68,28.27
667,10501,54,6,9,3,09/04/2014,07/05/2014,16/04/2014,Shipped Early,7.45,20,0,149,8.85,8.85
668,10502,45,58,2,1,10/04/2014,08/05/2014,29/04/2014,Shipped Early,9.5,21,0,199.5,69.32,16.94
669,10502,53,58,2,1,10/04/2014,08/05/2014,29/04/2014,Shipped Early,32.8,6,0,196.8,69.32,16.71
670,10502,67,58,2,1,10/04/2014,08/05/2014,29/04/2014,Shipped Early,14,30,0,420,69.32,35.67
671,10503,14,37,6,2,11/04/2014,09/05/2014,16/04/2014,Shipped Early,23.25,70,0,1627.5,16.74,13.3
672,10503,65,37,6,2,11/04/2014,09/05/2014,16/04/2014,Shipped Early,21.05,20,0,421,16.74,3.44
673,10504,2,89,4,3,11/04/2014,09/05/2014,18/04/2014,Shipped Early,19,12,0,228,59.13,9.71
674,10504,21,89,4,3,11/04/2014,09/05/2014,18/04/2014,Shipped Early,10,12,0,120,59.13,5.11
675,10504,53,89,4,3,11/04/2014,09/05/2014,18/04/2014,Shipped Early,32.8,10,0,328,59.13,13.97
676,10504,61,89,4,3,11/04/2014,09/05/2014,18/04/2014,Shipped Early,28.5,25,0,712.5,59.13,30.34
677,10505,62,51,3,3,14/04/2014,12/05/2014,21/04/2014,Shipped Early,49.3,3,0,147.9,7.13,7.13
678,10506,25,39,9,2,15/04/2014,13/05/2014,02/05/2014,Shipped Early,14,18,0.1,226.8,21.19,11.56
679,10506,70,39,9,2,15/04/2014,13/05/2014,02/05/2014,Shipped Early,15,14,0.1,189,21.19,9.63
680,10507,43,3,7,1,15/04/2014,13/05/2014,22/04/2014,Shipped Early,46,15,0.15,586.5,47.45,37.15
681,10507,48,3,7,1,15/04/2014,13/05/2014,22/04/2014,Shipped Early,12.75,15,0.15,162.56,47.45,10.3
682,10508,13,56,1,2,16/04/2014,14/05/2014,13/05/2014,Shipped Early,6,10,0,60,4.99,1.25
683,10508,39,56,1,2,16/04/2014,14/05/2014,13/05/2014,Shipped Early,18,10,0,180,4.99,3.74
684,10509,28,6,4,1,17/04/2014,15/05/2014,29/04/2014,Shipped Early,45.6,3,0,136.8,0.15,0.15
685,10510,29,71,6,3,18/04/2014,16/05/2014,28/04/2014,Shipped Early,123.79,36,0,4456.44,367.63,348.02
686,10510,75,71,6,3,18/04/2014,16/05/2014,28/04/2014,Shipped Early,7.75,36,0.1,251.1,367.63,19.61
687,10511,4,9,4,3,18/04/2014,16/05/2014,21/04/2014,Shipped Early,22,50,0.15,935,350.64,128.57
688,10511,7,9,4,3,18/04/2014,16/05/2014,21/04/2014,Shipped Early,30,50,0.15,1275,350.64,175.32
689,10511,8,9,4,3,18/04/2014,16/05/2014,21/04/2014,Shipped Early,40,10,0.15,340,350.64,46.75
690,10512,24,21,7,2,21/04/2014,19/05/2014,24/04/2014,Shipped Early,4.5,10,0.15,38.25,3.53,0.26
691,10512,46,21,7,2,21/04/2014,19/05/2014,24/04/2014,Shipped Early,12,9,0.15,91.8,3.53,0.62
692,10512,47,21,7,2,21/04/2014,19/05/2014,24/04/2014,Shipped Early,9.5,6,0.15,48.45,3.53,0.33
693,10512,60,21,7,2,21/04/2014,19/05/2014,24/04/2014,Shipped Early,34,12,0.15,346.8,3.53,2.33
694,10513,21,86,7,1,22/04/2014,03/06/2014,28/04/2014,Shipped Early,10,40,0.2,320,105.65,17.41
695,10513,32,86,7,1,22/04/2014,03/06/2014,28/04/2014,Shipped Early,32,50,0.2,1280,105.65,69.64
696,10513,61,86,7,1,22/04/2014,03/06/2014,28/04/2014,Shipped Early,28.5,15,0.2,342,105.65,18.61
697,10514,20,20,3,2,22/04/2014,20/05/2014,16/05/2014,Shipped Early,81,39,0,3159,789.95,289.38
698,10514,28,20,3,2,22/04/2014,20/05/2014,16/05/2014,Shipped Early,45.6,35,0,1596,789.95,146.2
699,10514,56,20,3,2,22/04/2014,20/05/2014,16/05/2014,Shipped Early,38,70,0,2660,789.95,243.67
700,10514,65,20,3,2,22/04/2014,20/05/2014,16/05/2014,Shipped Early,21.05,39,0,820.95,789.95,75.2
701,10514,75,20,3,2,22/04/2014,20/05/2014,16/05/2014,Shipped Early,7.75,50,0,387.5,789.95,35.5
702,10515,9,63,2,1,23/04/2014,07/05/2014,23/05/2014,Shipping Delayed,97,16,0.15,1319.2,204.47,27.19
703,10515,16,63,2,1,23/04/2014,07/05/2014,23/05/2014,Shipping Delayed,17.45,50,0,872.5,204.47,17.98
704,10515,27,63,2,1,23/04/2014,07/05/2014,23/05/2014,Shipping Delayed,43.9,120,0,5268,204.47,108.57
705,10515,33,63,2,1,23/04/2014,07/05/2014,23/05/2014,Shipping Delayed,2.5,16,0.15,34,204.47,0.7
706,10515,60,63,2,1,23/04/2014,07/05/2014,23/05/2014,Shipping Delayed,34,84,0.15,2427.6,204.47,50.03
707,10516,18,37,2,3,24/04/2014,22/05/2014,01/05/2014,Shipped Early,62.5,25,0.1,1406.25,62.78,37.08
708,10516,41,37,2,3,24/04/2014,22/05/2014,01/05/2014,Shipped Early,9.65,80,0.1,694.8,62.78,18.32
709,10516,42,37,2,3,24/04/2014,22/05/2014,01/05/2014,Shipped Early,14,20,0,280,62.78,7.38
710,10517,52,53,3,3,24/04/2014,22/05/2014,29/04/2014,Shipped Early,7,6,0,42,32.07,3.83
711,10517,59,53,3,3,24/04/2014,22/05/2014,29/04/2014,Shipped Early,55,4,0,220,32.07,20.04
712,10517,70,53,3,3,24/04/2014,22/05/2014,29/04/2014,Shipped Early,15,6,0,90,32.07,8.2
713,10518,24,80,4,2,25/04/2014,09/05/2014,05/05/2014,Shipped Early,4.5,5,0,22.5,218.15,1.18
714,10518,38,80,4,2,25/04/2014,09/05/2014,05/05/2014,Shipped Early,263.5,15,0,3952.5,218.15,207.77
715,10518,44,80,4,2,25/04/2014,09/05/2014,05/05/2014,Shipped Early,19.45,9,0,175.05,218.15,9.2
716,10519,10,14,6,3,28/04/2014,26/05/2014,01/05/2014,Shipped Early,31,16,0.05,471.2,91.76,18.68
717,10519,56,14,6,3,28/04/2014,26/05/2014,01/05/2014,Shipped Early,38,40,0,1520,91.76,60.27
718,10519,60,14,6,3,28/04/2014,26/05/2014,01/05/2014,Shipped Early,34,10,0.05,323,91.76,12.81
719,10520,24,70,7,1,29/04/2014,27/05/2014,01/05/2014,Shipped Early,4.5,8,0,36,13.37,2.41
720,10520,53,70,7,1,29/04/2014,27/05/2014,01/05/2014,Shipped Early,32.8,5,0,164,13.37,10.96
721,10521,35,12,8,2,29/04/2014,27/05/2014,02/05/2014,Shipped Early,18,3,0,54,17.22,4.12
722,10521,41,12,8,2,29/04/2014,27/05/2014,02/05/2014,Shipped Early,9.65,10,0,96.5,17.22,7.37
723,10521,68,12,8,2,29/04/2014,27/05/2014,02/05/2014,Shipped Early,12.5,6,0,75,17.22,5.73
724,10522,1,44,4,1,30/04/2014,28/05/2014,06/05/2014,Shipped Early,18,40,0.2,576,45.33,11.26
725,10522,8,44,4,1,30/04/2014,28/05/2014,06/05/2014,Shipped Early,40,24,0,960,45.33,18.77
726,10522,30,44,4,1,30/04/2014,28/05/2014,06/05/2014,Shipped Early,25.89,20,0.2,414.24,45.33,8.1
727,10522,40,44,4,1,30/04/2014,28/05/2014,06/05/2014,Shipped Early,18.4,25,0.2,368,45.33,7.2
728,10523,17,72,7,2,01/05/2014,29/05/2014,30/05/2014,Shipping Delayed,39,25,0.1,877.5,77.63,27.87
729,10523,20,72,7,2,01/05/2014,29/05/2014,30/05/2014,Shipping Delayed,81,15,0.1,1093.5,77.63,34.73
730,10523,37,72,7,2,01/05/2014,29/05/2014,30/05/2014,Shipping Delayed,26,18,0.1,421.2,77.63,13.38
731,10523,41,72,7,2,01/05/2014,29/05/2014,30/05/2014,Shipping Delayed,9.65,6,0.1,52.11,77.63,1.65
732,10524,10,5,1,2,01/05/2014,29/05/2014,07/05/2014,Shipped Early,31,2,0,62,244.79,4.75
733,10524,30,5,1,2,01/05/2014,29/05/2014,07/05/2014,Shipped Early,25.89,10,0,258.9,244.79,19.85
734,10524,43,5,1,2,01/05/2014,29/05/2014,07/05/2014,Shipped Early,46,60,0,2760,244.79,211.62
735,10524,54,5,1,2,01/05/2014,29/05/2014,07/05/2014,Shipped Early,7.45,15,0,111.75,244.79,8.57
736,10525,36,9,1,2,02/05/2014,30/05/2014,23/05/2014,Shipped Early,19,30,0,570,11.06,7.7
737,10525,40,9,1,2,02/05/2014,30/05/2014,23/05/2014,Shipped Early,18.4,15,0.1,248.4,11.06,3.36
738,10526,1,87,4,2,05/05/2014,02/06/2014,15/05/2014,Shipped Early,18,8,0.15,122.4,58.59,6.23
739,10526,13,87,4,2,05/05/2014,02/06/2014,15/05/2014,Shipped Early,6,10,0,60,58.59,3.05
740,10526,56,87,4,2,05/05/2014,02/06/2014,15/05/2014,Shipped Early,38,30,0.15,969,58.59,49.31
741,10527,4,63,7,1,05/05/2014,02/06/2014,07/05/2014,Shipped Early,22,50,0.1,990,41.9,27.6
742,10527,36,63,7,1,05/05/2014,02/06/2014,07/05/2014,Shipped Early,19,30,0.1,513,41.9,14.3
743,10528,11,32,6,2,06/05/2014,20/05/2014,09/05/2014,Shipped Early,21,3,0,63,3.35,0.54
744,10528,33,32,6,2,06/05/2014,20/05/2014,09/05/2014,Shipped Early,2.5,8,0.2,16,3.35,0.14
745,10528,72,32,6,2,06/05/2014,20/05/2014,09/05/2014,Shipped Early,34.8,9,0,313.2,3.35,2.68
746,10529,55,50,5,2,07/05/2014,04/06/2014,09/05/2014,Shipped Early,24,14,0,336,66.69,23.69
747,10529,68,50,5,2,07/05/2014,04/06/2014,09/05/2014,Shipped Early,12.5,20,0,250,66.69,17.62
748,10529,69,50,5,2,07/05/2014,04/06/2014,09/05/2014,Shipped Early,36,10,0,360,66.69,25.38
749,10530,17,59,3,2,08/05/2014,05/06/2014,12/05/2014,Shipped Early,39,40,0,1560,339.22,126.6
750,10530,43,59,3,2,08/05/2014,05/06/2014,12/05/2014,Shipped Early,46,25,0,1150,339.22,93.33
751,10530,61,59,3,2,08/05/2014,05/06/2014,12/05/2014,Shipped Early,28.5,20,0,570,339.22,46.26
752,10530,76,59,3,2,08/05/2014,05/06/2014,12/05/2014,Shipped Early,18,50,0,900,339.22,73.04
753,10531,59,54,7,1,08/05/2014,05/06/2014,19/05/2014,Shipped Early,55,2,0,110,8.12,8.12
754,10532,30,19,7,3,09/05/2014,06/06/2014,12/05/2014,Shipped Early,25.89,15,0,388.35,74.46,36.31
755,10532,66,19,7,3,09/05/2014,06/06/2014,12/05/2014,Shipped Early,17,24,0,408,74.46,38.15
756,10533,4,24,8,1,12/05/2014,09/06/2014,22/05/2014,Shipped Early,22,50,0.05,1045,188.04,88.43
757,10533,72,24,8,1,12/05/2014,09/06/2014,22/05/2014,Shipped Early,34.8,24,0,835.2,188.04,70.67
758,10533,73,24,8,1,12/05/2014,09/06/2014,22/05/2014,Shipped Early,15,24,0.05,342,188.04,28.94
759,10534,30,44,8,2,12/05/2014,09/06/2014,14/05/2014,Shipped Early,25.89,10,0,258.9,27.94,15.53
760,10534,40,44,8,2,12/05/2014,09/06/2014,14/05/2014,Shipped Early,18.4,10,0.2,147.2,27.94,8.83
761,10534,54,44,8,2,12/05/2014,09/06/2014,14/05/2014,Shipped Early,7.45,10,0.2,59.6,27.94,3.58
762,10535,11,3,4,1,13/05/2014,10/06/2014,21/05/2014,Shipped Early,21,50,0.1,945,15.64,7.62
763,10535,40,3,4,1,13/05/2014,10/06/2014,21/05/2014,Shipped Early,18.4,10,0.1,165.6,15.64,1.33
764,10535,57,3,4,1,13/05/2014,10/06/2014,21/05/2014,Shipped Early,19.5,5,0.1,87.75,15.64,0.71
765,10535,59,3,4,1,13/05/2014,10/06/2014,21/05/2014,Shipped Early,55,15,0.1,742.5,15.64,5.98
766,10536,12,44,3,2,14/05/2014,11/06/2014,06/06/2014,Shipped Early,38,15,0.25,427.5,58.88,15.3
767,10536,31,44,3,2,14/05/2014,11/06/2014,06/06/2014,Shipped Early,12.5,20,0,250,58.88,8.95
768,10536,33,44,3,2,14/05/2014,11/06/2014,06/06/2014,Shipped Early,2.5,30,0,75,58.88,2.68
769,10536,60,44,3,2,14/05/2014,11/06/2014,06/06/2014,Shipped Early,34,35,0.25,892.5,58.88,31.95
770,10537,31,68,1,1,14/05/2014,28/05/2014,19/05/2014,Shipped Early,12.5,30,0,375,78.85,16.21
771,10537,51,68,1,1,14/05/2014,28/05/2014,19/05/2014,Shipped Early,53,6,0,318,78.85,13.75
772,10537,58,68,1,1,14/05/2014,28/05/2014,19/05/2014,Shipped Early,13.25,20,0,265,78.85,11.46
773,10537,72,68,1,1,14/05/2014,28/05/2014,19/05/2014,Shipped Early,34.8,21,0,730.8,78.85,31.6
774,10537,73,68,1,1,14/05/2014,28/05/2014,19/05/2014,Shipped Early,15,9,0,135,78.85,5.84
775,10538,70,11,9,3,15/05/2014,12/06/2014,16/05/2014,Shipped Early,15,7,0,105,4.87,3.66
776,10538,72,11,9,3,15/05/2014,12/06/2014,16/05/2014,Shipped Early,34.8,1,0,34.8,4.87,1.21
777,10539,13,11,6,3,16/05/2014,13/06/2014,23/05/2014,Shipped Early,6,8,0,48,12.36,1.67
778,10539,21,11,6,3,16/05/2014,13/06/2014,23/05/2014,Shipped Early,10,15,0,150,12.36,5.22
779,10539,33,11,6,3,16/05/2014,13/06/2014,23/05/2014,Shipped Early,2.5,15,0,37.5,12.36,1.3
780,10539,49,11,6,3,16/05/2014,13/06/2014,23/05/2014,Shipped Early,20,6,0,120,12.36,4.17
781,10540,3,63,3,3,19/05/2014,16/06/2014,13/06/2014,Shipped Early,10,60,0,600,1007.64,59.32
782,10540,26,63,3,3,19/05/2014,16/06/2014,13/06/2014,Shipped Early,31.23,40,0,1249.2,1007.64,123.51
783,10540,38,63,3,3,19/05/2014,16/06/2014,13/06/2014,Shipped Early,263.5,30,0,7905,1007.64,781.56
784,10540,68,63,3,3,19/05/2014,16/06/2014,13/06/2014,Shipped Early,12.5,35,0,437.5,1007.64,43.26
785,10541,24,34,2,1,19/05/2014,16/06/2014,29/05/2014,Shipped Early,4.5,35,0.1,141.75,68.65,5
786,10541,38,34,2,1,19/05/2014,16/06/2014,29/05/2014,Shipped Early,263.5,4,0.1,948.6,68.65,33.46
787,10541,65,34,2,1,19/05/2014,16/06/2014,29/05/2014,Shipped Early,21.05,36,0.1,682.02,68.65,24.05
788,10541,71,34,2,1,19/05/2014,16/06/2014,29/05/2014,Shipped Early,21.5,9,0.1,174.15,68.65,6.14
789,10542,11,39,1,3,20/05/2014,17/06/2014,26/05/2014,Shipped Early,21,15,0.05,299.25,10.95,6.99
790,10542,54,39,1,3,20/05/2014,17/06/2014,26/05/2014,Shipped Early,7.45,24,0.05,169.86,10.95,3.96
791,10543,12,46,8,2,21/05/2014,18/06/2014,23/05/2014,Shipped Early,38,30,0.15,969,48.17,31.02
792,10543,23,46,8,2,21/05/2014,18/06/2014,23/05/2014,Shipped Early,9,70,0.15,535.5,48.17,17.15
793,10544,28,48,4,1,21/05/2014,18/06/2014,30/05/2014,Shipped Early,45.6,7,0,319.2,24.91,19.06
794,10544,67,48,4,1,21/05/2014,18/06/2014,30/05/2014,Shipped Early,14,7,0,98,24.91,5.85
795,10545,11,43,8,2,22/05/2014,19/06/2014,26/06/2014,Shipping Delayed,21,10,0,210,11.92,11.92
796,10546,7,84,1,3,23/05/2014,20/06/2014,27/05/2014,Shipped Early,30,10,0,300,194.72,20.77
797,10546,35,84,1,3,23/05/2014,20/06/2014,27/05/2014,Shipped Early,18,30,0,540,194.72,37.39
798,10546,62,84,1,3,23/05/2014,20/06/2014,27/05/2014,Shipped Early,49.3,40,0,1972,194.72,136.55
799,10547,32,72,3,2,23/05/2014,20/06/2014,02/06/2014,Shipped Early,32,24,0.15,652.8,178.43,64.97
800,10547,36,72,3,2,23/05/2014,20/06/2014,02/06/2014,Shipped Early,19,60,0,1140,178.43,113.46
801,10548,34,79,3,2,26/05/2014,23/06/2014,02/06/2014,Shipped Early,14,10,0.25,105,1.43,0.63
802,10548,41,79,3,2,26/05/2014,23/06/2014,02/06/2014,Shipped Early,9.65,14,0,135.1,1.43,0.8
803,10549,31,63,5,1,27/05/2014,10/06/2014,30/05/2014,Shipped Early,12.5,55,0.15,584.38,171.24,28.15
804,10549,45,63,5,1,27/05/2014,10/06/2014,30/05/2014,Shipped Early,9.5,100,0.15,807.5,171.24,38.9
805,10549,51,63,5,1,27/05/2014,10/06/2014,30/05/2014,Shipped Early,53,48,0.15,2162.4,171.24,104.18
806,10550,17,30,7,3,28/05/2014,25/06/2014,06/06/2014,Shipped Early,39,8,0.1,280.8,4.32,1.78
807,10550,19,30,7,3,28/05/2014,25/06/2014,06/06/2014,Shipped Early,9.2,10,0,92,4.32,0.58
808,10550,21,30,7,3,28/05/2014,25/06/2014,06/06/2014,Shipped Early,10,6,0.1,54,4.32,0.34
809,10550,61,30,7,3,28/05/2014,25/06/2014,06/06/2014,Shipped Early,28.5,10,0.1,256.5,4.32,1.62
810,10551,16,28,4,3,28/05/2014,09/07/2014,06/06/2014,Shipped Early,17.45,40,0.15,593.3,72.95,25.8
811,10551,35,28,4,3,28/05/2014,09/07/2014,06/06/2014,Shipped Early,18,20,0.15,306,72.95,13.31
812,10551,44,28,4,3,28/05/2014,09/07/2014,06/06/2014,Shipped Early,19.45,40,0,778,72.95,33.84
813,10552,69,35,2,1,29/05/2014,26/06/2014,05/06/2014,Shipped Early,36,18,0,648,83.22,61.25
814,10552,75,35,2,1,29/05/2014,26/06/2014,05/06/2014,Shipped Early,7.75,30,0,232.5,83.22,21.97
815,10553,11,87,2,2,30/05/2014,27/06/2014,03/06/2014,Shipped Early,21,15,0,315,149.49,30.45
816,10553,16,87,2,2,30/05/2014,27/06/2014,03/06/2014,Shipped Early,17.45,14,0,244.3,149.49,23.62
817,10553,22,87,2,2,30/05/2014,27/06/2014,03/06/2014,Shipped Early,21,24,0,504,149.49,48.72
818,10553,31,87,2,2,30/05/2014,27/06/2014,03/06/2014,Shipped Early,12.5,30,0,375,149.49,36.25
819,10553,35,87,2,2,30/05/2014,27/06/2014,03/06/2014,Shipped Early,18,6,0,108,149.49,10.44
820,10554,16,56,4,3,30/05/2014,27/06/2014,05/06/2014,Shipped Early,17.45,30,0.05,497.33,120.97,34.81
821,10554,23,56,4,3,30/05/2014,27/06/2014,05/06/2014,Shipped Early,9,20,0.05,171,120.97,11.97
822,10554,62,56,4,3,30/05/2014,27/06/2014,05/06/2014,Shipped Early,49.3,20,0.05,936.7,120.97,65.55
823,10554,77,56,4,3,30/05/2014,27/06/2014,05/06/2014,Shipped Early,13,10,0.05,123.5,120.97,8.64
824,10555,14,71,6,3,02/06/2014,30/06/2014,04/06/2014,Shipped Early,23.25,30,0.2,558,252.49,47.85
825,10555,19,71,6,3,02/06/2014,30/06/2014,04/06/2014,Shipped Early,9.2,35,0.2,257.6,252.49,22.09
826,10555,24,71,6,3,02/06/2014,30/06/2014,04/06/2014,Shipped Early,4.5,18,0.2,64.8,252.49,5.56
827,10555,51,71,6,3,02/06/2014,30/06/2014,04/06/2014,Shipped Early,53,20,0.2,848,252.49,72.72
828,10555,56,71,6,3,02/06/2014,30/06/2014,04/06/2014,Shipped Early,38,40,0.2,1216,252.49,104.28
829,10556,72,73,2,1,03/06/2014,15/07/2014,13/06/2014,Shipped Early,34.8,24,0,835.2,9.8,9.8
830,10557,64,44,9,2,03/06/2014,17/06/2014,06/06/2014,Shipped Early,33.25,30,0,997.5,96.72,83.71
831,10557,75,44,9,2,03/06/2014,17/06/2014,06/06/2014,Shipped Early,7.75,20,0,155,96.72,13.01
832,10558,47,4,1,2,04/06/2014,02/07/2014,10/06/2014,Shipped Early,9.5,25,0,237.5,72.97,8.09
833,10558,51,4,1,2,04/06/2014,02/07/2014,10/06/2014,Shipped Early,53,20,0,1060,72.97,36.1
834,10558,52,4,1,2,04/06/2014,02/07/2014,10/06/2014,Shipped Early,7,30,0,210,72.97,7.15
835,10558,53,4,1,2,04/06/2014,02/07/2014,10/06/2014,Shipped Early,32.8,18,0,590.4,72.97,20.1
836,10558,73,4,1,2,04/06/2014,02/07/2014,10/06/2014,Shipped Early,15,3,0,45,72.97,1.53
837,10559,41,7,6,1,05/06/2014,03/07/2014,13/06/2014,Shipped Early,9.65,12,0.05,110.01,8.05,1.7
838,10559,55,7,6,1,05/06/2014,03/07/2014,13/06/2014,Shipped Early,24,18,0.05,410.4,8.05,6.35
839,10560,30,25,8,1,06/06/2014,04/07/2014,09/06/2014,Shipped Early,25.89,20,0,517.8,36.65,17.7
840,10560,62,25,8,1,06/06/2014,04/07/2014,09/06/2014,Shipped Early,49.3,15,0.25,554.63,36.65,18.95
841,10561,44,24,2,2,06/06/2014,04/07/2014,09/06/2014,Shipped Early,19.45,10,0,194.5,242.21,16.56
842,10561,51,24,2,2,06/06/2014,04/07/2014,09/06/2014,Shipped Early,53,50,0,2650,242.21,225.65
843,10562,33,66,1,1,09/06/2014,07/07/2014,12/06/2014,Shipped Early,2.5,20,0.1,45,22.95,2.11
844,10562,62,66,1,1,09/06/2014,07/07/2014,12/06/2014,Shipped Early,49.3,10,0.1,443.7,22.95,20.84
845,10563,36,67,2,2,10/06/2014,22/07/2014,24/06/2014,Shipped Early,19,25,0,475,60.43,29.75
846,10563,52,67,2,2,10/06/2014,22/07/2014,24/06/2014,Shipped Early,7,70,0,490,60.43,30.68
847,10564,17,65,4,3,10/06/2014,08/07/2014,16/06/2014,Shipped Early,39,16,0.05,592.8,13.75,6.61
848,10564,31,65,4,3,10/06/2014,08/07/2014,16/06/2014,Shipped Early,12.5,6,0.05,71.25,13.75,0.79
849,10564,55,65,4,3,10/06/2014,08/07/2014,16/06/2014,Shipped Early,24,25,0.05,570,13.75,6.35
850,10565,24,51,8,2,11/06/2014,09/07/2014,18/06/2014,Shipped Early,4.5,25,0.1,101.25,7.15,1.13
851,10565,64,51,8,2,11/06/2014,09/07/2014,18/06/2014,Shipped Early,33.25,18,0.1,538.65,7.15,6.02
852,10566,11,7,9,1,12/06/2014,10/07/2014,18/06/2014,Shipped Early,21,35,0.15,624.75,88.4,31.36
853,10566,18,7,9,1,12/06/2014,10/07/2014,18/06/2014,Shipped Early,62.5,18,0.15,956.25,88.4,48
854,10566,76,7,9,1,12/06/2014,10/07/2014,18/06/2014,Shipped Early,18,10,0,180,88.4,9.04
855,10567,31,37,1,1,12/06/2014,10/07/2014,17/06/2014,Shipped Early,12.5,60,0.2,600,33.97,8.09
856,10567,51,37,1,1,12/06/2014,10/07/2014,17/06/2014,Shipped Early,53,3,0,159,33.97,2.14
857,10567,59,37,1,1,12/06/2014,10/07/2014,17/06/2014,Shipped Early,55,40,0.2,1760,33.97,23.73
858,10568,10,29,3,3,13/06/2014,11/07/2014,09/07/2014,Shipped Early,31,5,0,155,6.54,6.54
859,10569,31,65,5,1,16/06/2014,14/07/2014,11/07/2014,Shipped Early,12.5,35,0.2,350,58.98,23.19
860,10569,76,65,5,1,16/06/2014,14/07/2014,11/07/2014,Shipped Early,18,30,0,540,58.98,35.79
861,10570,11,51,3,3,17/06/2014,15/07/2014,19/06/2014,Shipped Early,21,15,0.05,299.25,188.99,22.94
862,10570,56,51,3,3,17/06/2014,15/07/2014,19/06/2014,Shipped Early,38,60,0.05,2166,188.99,166.05
863,10571,14,20,8,3,17/06/2014,29/07/2014,04/07/2014,Shipped Early,23.25,11,0.15,217.39,26.06,10.29
864,10571,42,20,8,3,17/06/2014,29/07/2014,04/07/2014,Shipped Early,14,28,0.15,333.2,26.06,15.77
865,10572,16,5,3,2,18/06/2014,16/07/2014,25/06/2014,Shipped Early,17.45,12,0.1,188.46,116.43,14.62
866,10572,32,5,3,2,18/06/2014,16/07/2014,25/06/2014,Shipped Early,32,10,0.1,288,116.43,22.34
867,10572,40,5,3,2,18/06/2014,16/07/2014,25/06/2014,Shipped Early,18.4,50,0,920,116.43,71.36
868,10572,75,5,3,2,18/06/2014,16/07/2014,25/06/2014,Shipped Early,7.75,15,0.1,104.63,116.43,8.12
869,10573,17,3,7,3,19/06/2014,17/07/2014,20/06/2014,Shipped Early,39,18,0,702,84.84,28.61
870,10573,34,3,7,3,19/06/2014,17/07/2014,20/06/2014,Shipped Early,14,40,0,560,84.84,22.82
871,10573,53,3,7,3,19/06/2014,17/07/2014,20/06/2014,Shipped Early,32.8,25,0,820,84.84,33.41
872,10574,33,82,4,2,19/06/2014,17/07/2014,30/06/2014,Shipped Early,2.5,14,0,35,37.6,1.72
873,10574,40,82,4,2,19/06/2014,17/07/2014,30/06/2014,Shipped Early,18.4,2,0,36.8,37.6,1.81
874,10574,62,82,4,2,19/06/2014,17/07/2014,30/06/2014,Shipped Early,49.3,10,0,493,37.6,24.25
875,10574,64,82,4,2,19/06/2014,17/07/2014,30/06/2014,Shipped Early,33.25,6,0,199.5,37.6,9.81
876,10575,59,52,5,1,20/06/2014,04/07/2014,30/06/2014,Shipped Early,55,12,0,660,127.34,39.14
877,10575,63,52,5,1,20/06/2014,04/07/2014,30/06/2014,Shipped Early,43.9,6,0,263.4,127.34,15.62
878,10575,72,52,5,1,20/06/2014,04/07/2014,30/06/2014,Shipped Early,34.8,30,0,1044,127.34,61.91
879,10575,76,52,5,1,20/06/2014,04/07/2014,30/06/2014,Shipped Early,18,10,0,180,127.34,10.67
880,10576,1,80,3,3,23/06/2014,07/07/2014,30/06/2014,Shipped Early,18,10,0,180,18.56,3.98
881,10576,31,80,3,3,23/06/2014,07/07/2014,30/06/2014,Shipped Early,12.5,20,0,250,18.56,5.53
882,10576,44,80,3,3,23/06/2014,07/07/2014,30/06/2014,Shipped Early,19.45,21,0,408.45,18.56,9.04
883,10577,39,82,9,2,23/06/2014,04/08/2014,30/06/2014,Shipped Early,18,10,0,180,25.41,8.04
884,10577,75,82,9,2,23/06/2014,04/08/2014,30/06/2014,Shipped Early,7.75,20,0,155,25.41,6.92
885,10577,77,82,9,2,23/06/2014,04/08/2014,30/06/2014,Shipped Early,13,18,0,234,25.41,10.45
886,10578,35,11,4,3,24/06/2014,22/07/2014,25/07/2014,Shipping Delayed,18,20,0,360,29.6,22.34
887,10578,57,11,4,3,24/06/2014,22/07/2014,25/07/2014,Shipping Delayed,19.5,6,0,117,29.6,7.26
888,10579,15,45,1,2,25/06/2014,23/07/2014,04/07/2014,Shipped Early,15.5,10,0,155,13.73,6.7
889,10579,75,45,1,2,25/06/2014,23/07/2014,04/07/2014,Shipped Early,7.75,21,0,162.75,13.73,7.03
890,10580,14,56,4,3,26/06/2014,24/07/2014,01/07/2014,Shipped Early,23.25,15,0.05,331.31,75.89,24.8
891,10580,41,56,4,3,26/06/2014,24/07/2014,01/07/2014,Shipped Early,9.65,9,0.05,82.51,75.89,6.18
892,10580,65,56,4,3,26/06/2014,24/07/2014,01/07/2014,Shipped Early,21.05,30,0.05,599.93,75.89,44.91
893,10581,75,21,3,1,26/06/2014,24/07/2014,02/07/2014,Shipped Early,7.75,50,0.2,310,3.01,3.01
894,10582,57,6,3,2,27/06/2014,25/07/2014,14/07/2014,Shipped Early,19.5,4,0,78,27.71,6.55
895,10582,76,6,3,2,27/06/2014,25/07/2014,14/07/2014,Shipped Early,18,14,0,252,27.71,21.16
896,10583,29,87,2,2,30/06/2014,28/07/2014,04/07/2014,Shipped Early,123.79,10,0,1237.9,7.28,4.03
897,10583,60,87,2,2,30/06/2014,28/07/2014,04/07/2014,Shipped Early,34,24,0.15,693.6,7.28,2.26
898,10583,69,87,2,2,30/06/2014,28/07/2014,04/07/2014,Shipped Early,36,10,0.15,306,7.28,1
899,10584,31,7,4,1,30/06/2014,28/07/2014,04/07/2014,Shipped Early,12.5,50,0.05,593.75,59.14,59.14
900,10585,47,88,7,1,01/07/2014,29/07/2014,10/07/2014,Shipped Early,9.5,15,0,142.5,13.41,13.41
901,10586,52,66,9,1,02/07/2014,30/07/2014,09/07/2014,Shipped Early,7,4,0.15,23.8,0.48,0.48
902,10587,26,61,1,1,02/07/2014,30/07/2014,09/07/2014,Shipped Early,31.23,6,0,187.38,62.52,14.51
903,10587,35,61,1,1,02/07/2014,30/07/2014,09/07/2014,Shipped Early,18,20,0,360,62.52,27.88
904,10587,77,61,1,1,02/07/2014,30/07/2014,09/07/2014,Shipped Early,13,20,0,260,62.52,20.13
905,10588,18,63,2,3,03/07/2014,31/07/2014,10/07/2014,Shipped Early,62.5,40,0.2,2000,194.67,124.79
906,10588,42,63,2,3,03/07/2014,31/07/2014,10/07/2014,Shipped Early,14,100,0.2,1120,194.67,69.88
907,10589,35,32,8,2,04/07/2014,01/08/2014,14/07/2014,Shipped Early,18,4,0,72,4.42,4.42
908,10590,1,51,4,3,07/07/2014,04/08/2014,14/07/2014,Shipped Early,18,20,0,360,44.77,14.64
909,10590,77,51,4,3,07/07/2014,04/08/2014,14/07/2014,Shipped Early,13,60,0.05,741,44.77,30.13
910,10591,3,83,1,1,07/07/2014,21/07/2014,16/07/2014,Shipped Early,10,14,0,140,55.92,9.64
911,10591,7,83,1,1,07/07/2014,21/07/2014,16/07/2014,Shipped Early,30,10,0,300,55.92,20.65
912,10591,54,83,1,1,07/07/2014,21/07/2014,16/07/2014,Shipped Early,7.45,50,0,372.5,55.92,25.64
913,10592,15,44,3,1,08/07/2014,05/08/2014,16/07/2014,Shipped Early,15.5,25,0.05,368.13,32.1,22.88
914,10592,26,44,3,1,08/07/2014,05/08/2014,16/07/2014,Shipped Early,31.23,5,0.05,148.34,32.1,9.22
915,10593,20,44,7,2,09/07/2014,06/08/2014,13/08/2014,Shipping Delayed,81,21,0.2,1360.8,174.2,118.86
916,10593,69,44,7,2,09/07/2014,06/08/2014,13/08/2014,Shipping Delayed,36,20,0.2,576,174.2,50.31
917,10593,76,44,7,2,09/07/2014,06/08/2014,13/08/2014,Shipping Delayed,18,4,0.2,57.6,174.2,5.03
918,10594,52,55,3,2,09/07/2014,06/08/2014,16/07/2014,Shipped Early,7,24,0,168,5.24,1.56
919,10594,58,55,3,2,09/07/2014,06/08/2014,16/07/2014,Shipped Early,13.25,30,0,397.5,5.24,3.68
920,10595,35,20,2,1,10/07/2014,07/08/2014,14/07/2014,Shipped Early,18,30,0.25,405,96.78,8.3
921,10595,61,20,2,1,10/07/2014,07/08/2014,14/07/2014,Shipped Early,28.5,120,0.25,2565,96.78,52.54
922,10595,69,20,2,1,10/07/2014,07/08/2014,14/07/2014,Shipped Early,36,65,0.25,1755,96.78,35.95
923,10596,56,89,8,1,11/07/2014,08/08/2014,12/08/2014,Shipping Delayed,38,5,0.2,152,16.34,2.1
924,10596,63,89,8,1,11/07/2014,08/08/2014,12/08/2014,Shipping Delayed,43.9,24,0.2,842.88,16.34,11.66
925,10596,75,89,8,1,11/07/2014,08/08/2014,12/08/2014,Shipping Delayed,7.75,30,0.2,186,16.34,2.57
926,10597,24,59,7,3,11/07/2014,08/08/2014,18/07/2014,Shipped Early,4.5,35,0.2,126,35.12,6.16
927,10597,57,59,7,3,11/07/2014,08/08/2014,18/07/2014,Shipped Early,19.5,20,0,390,35.12,19.07
928,10597,65,59,7,3,11/07/2014,08/08/2014,18/07/2014,Shipped Early,21.05,12,0.2,202.08,35.12,9.88
929,10598,27,65,1,3,14/07/2014,11/08/2014,18/07/2014,Shipped Early,43.9,50,0,2195,44.42,40.82
930,10598,71,65,1,3,14/07/2014,11/08/2014,18/07/2014,Shipped Early,21.5,9,0,193.5,44.42,3.6
931,10599,62,11,6,3,15/07/2014,26/08/2014,21/07/2014,Shipped Early,49.3,10,0,493,29.98,29.98
932,10600,54,36,4,1,16/07/2014,13/08/2014,21/07/2014,Shipped Early,7.45,4,0,29.8,45.13,2.8
933,10600,73,36,4,1,16/07/2014,13/08/2014,21/07/2014,Shipped Early,15,30,0,450,45.13,42.33
934,10601,13,35,7,1,16/07/2014,27/08/2014,22/07/2014,Shipped Early,6,60,0,360,58.3,9.19
935,10601,59,35,7,1,16/07/2014,27/08/2014,22/07/2014,Shipped Early,55,35,0,1925,58.3,49.11
936,10602,77,83,8,2,17/07/2014,14/08/2014,22/07/2014,Shipped Early,13,5,0.25,48.75,2.92,2.92
937,10603,22,71,8,2,18/07/2014,15/08/2014,08/08/2014,Shipped Early,21,48,0,1008,48.77,33.15
938,10603,49,71,8,2,18/07/2014,15/08/2014,08/08/2014,Shipped Early,20,25,0.05,475,48.77,15.62
939,10604,48,28,1,1,18/07/2014,15/08/2014,29/07/2014,Shipped Early,12.75,6,0.1,68.85,7.46,2.22
940,10604,76,28,1,1,18/07/2014,15/08/2014,29/07/2014,Shipped Early,18,10,0.1,162,7.46,5.24
941,10605,16,51,1,2,21/07/2014,18/08/2014,29/07/2014,Shipped Early,17.45,30,0.05,497.33,379.13,45.88
942,10605,59,51,1,2,21/07/2014,18/08/2014,29/07/2014,Shipped Early,55,20,0.05,1045,379.13,96.4
943,10605,60,51,1,2,21/07/2014,18/08/2014,29/07/2014,Shipped Early,34,70,0.05,2261,379.13,208.58
944,10605,71,51,1,2,21/07/2014,18/08/2014,29/07/2014,Shipped Early,21.5,15,0.05,306.38,379.13,28.26
945,10606,4,81,4,3,22/07/2014,19/08/2014,31/07/2014,Shipped Early,22,20,0.2,352,79.4,24.72
946,10606,55,81,4,3,22/07/2014,19/08/2014,31/07/2014,Shipped Early,24,20,0.2,384,79.4,26.97
947,10606,62,81,4,3,22/07/2014,19/08/2014,31/07/2014,Shipped Early,49.3,10,0.2,394.4,79.4,27.7
948,10607,7,71,5,1,22/07/2014,19/08/2014,25/07/2014,Shipped Early,30,45,0,1350,200.24,41.75
949,10607,17,71,5,1,22/07/2014,19/08/2014,25/07/2014,Shipped Early,39,100,0,3900,200.24,120.6
950,10607,33,71,5,1,22/07/2014,19/08/2014,25/07/2014,Shipped Early,2.5,14,0,35,200.24,1.08
951,10607,40,71,5,1,22/07/2014,19/08/2014,25/07/2014,Shipped Early,18.4,42,0,772.8,200.24,23.9
952,10607,72,71,5,1,22/07/2014,19/08/2014,25/07/2014,Shipped Early,34.8,12,0,417.6,200.24,12.91
953,10608,56,79,4,2,23/07/2014,20/08/2014,01/08/2014,Shipped Early,38,28,0,1064,27.79,27.79
954,10609,1,18,7,2,24/07/2014,21/08/2014,30/07/2014,Shipped Early,18,3,0,54,1.85,0.24
955,10609,10,18,7,2,24/07/2014,21/08/2014,30/07/2014,Shipped Early,31,10,0,310,1.85,1.35
956,10609,21,18,7,2,24/07/2014,21/08/2014,30/07/2014,Shipped Early,10,6,0,60,1.85,0.26
957,10610,36,41,8,1,25/07/2014,22/08/2014,06/08/2014,Shipped Early,19,21,0.25,299.25,26.78,26.78
958,10611,1,91,6,2,25/07/2014,22/08/2014,01/08/2014,Shipped Early,18,6,0,108,80.65,10.78
959,10611,2,91,6,2,25/07/2014,22/08/2014,01/08/2014,Shipped Early,19,10,0,190,80.65,18.96
960,10611,60,91,6,2,25/07/2014,22/08/2014,01/08/2014,Shipped Early,34,15,0,510,80.65,50.91
961,10612,10,71,1,2,28/07/2014,25/08/2014,01/08/2014,Shipped Early,31,70,0,2170,544.08,185.2
962,10612,36,71,1,2,28/07/2014,25/08/2014,01/08/2014,Shipped Early,19,55,0,1045,544.08,89.19
963,10612,49,71,1,2,28/07/2014,25/08/2014,01/08/2014,Shipped Early,20,18,0,360,544.08,30.72
964,10612,60,71,1,2,28/07/2014,25/08/2014,01/08/2014,Shipped Early,34,40,0,1360,544.08,116.07
965,10612,76,71,1,2,28/07/2014,25/08/2014,01/08/2014,Shipped Early,18,80,0,1440,544.08,122.9
966,10613,13,35,4,2,29/07/2014,26/08/2014,01/08/2014,Shipped Early,6,8,0.1,43.2,8.11,0.99
967,10613,75,35,4,2,29/07/2014,26/08/2014,01/08/2014,Shipped Early,7.75,40,0,310,8.11,7.12
968,10614,11,6,8,3,29/07/2014,26/08/2014,01/08/2014,Shipped Early,21,14,0,294,1.93,1.22
969,10614,21,6,8,3,29/07/2014,26/08/2014,01/08/2014,Shipped Early,10,8,0,80,1.93,0.33
970,10614,39,6,8,3,29/07/2014,26/08/2014,01/08/2014,Shipped Early,18,5,0,90,1.93,0.37
971,10615,55,90,2,3,30/07/2014,27/08/2014,06/08/2014,Shipped Early,24,5,0,120,0.75,0.75
972,10616,38,32,1,2,31/07/2014,28/08/2014,05/08/2014,Shipped Early,263.5,15,0.05,3754.88,116.53,91.02
973,10616,56,32,1,2,31/07/2014,28/08/2014,05/08/2014,Shipped Early,38,14,0,532,116.53,12.9
974,10616,70,32,1,2,31/07/2014,28/08/2014,05/08/2014,Shipped Early,15,15,0.05,213.75,116.53,5.18
975,10616,71,32,1,2,31/07/2014,28/08/2014,05/08/2014,Shipped Early,21.5,15,0.05,306.38,116.53,7.43
976,10617,59,32,4,2,31/07/2014,28/08/2014,04/08/2014,Shipped Early,55,30,0.15,1402.5,18.53,18.53
977,10618,6,51,1,1,01/08/2014,12/09/2014,08/08/2014,Shipped Early,25,70,0,1750,154.68,100.35
978,10618,56,51,1,1,01/08/2014,12/09/2014,08/08/2014,Shipped Early,38,20,0,760,154.68,43.58
979,10618,68,51,1,1,01/08/2014,12/09/2014,08/08/2014,Shipped Early,12.5,15,0,187.5,154.68,10.75
980,10619,21,51,3,3,04/08/2014,01/09/2014,07/08/2014,Shipped Early,10,42,0,420,91.05,30.35
981,10619,22,51,3,3,04/08/2014,01/09/2014,07/08/2014,Shipped Early,21,40,0,840,91.05,60.7
982,10620,24,42,2,3,05/08/2014,02/09/2014,14/08/2014,Shipped Early,4.5,5,0,22.5,0.94,0.37
983,10620,52,42,2,3,05/08/2014,02/09/2014,14/08/2014,Shipped Early,7,5,0,35,0.94,0.57
984,10621,19,38,4,2,05/08/2014,02/09/2014,11/08/2014,Shipped Early,9.2,5,0,46,23.73,1.44
985,10621,23,38,4,2,05/08/2014,02/09/2014,11/08/2014,Shipped Early,9,10,0,90,23.73,2.82
986,10621,70,38,4,2,05/08/2014,02/09/2014,11/08/2014,Shipped Early,15,20,0,300,23.73,9.39
987,10621,71,38,4,2,05/08/2014,02/09/2014,11/08/2014,Shipped Early,21.5,15,0,322.5,23.73,10.09
988,10622,2,67,4,3,06/08/2014,03/09/2014,11/08/2014,Shipped Early,19,20,0,380,50.97,34.59
989,10622,68,67,4,3,06/08/2014,03/09/2014,11/08/2014,Shipped Early,12.5,18,0.2,180,50.97,16.38
990,10623,14,25,8,2,07/08/2014,04/09/2014,12/08/2014,Shipped Early,23.25,21,0,488.25,97.18,35.49
991,10623,19,25,8,2,07/08/2014,04/09/2014,12/08/2014,Shipped Early,9.2,15,0.1,124.2,97.18,9.03
992,10623,21,25,8,2,07/08/2014,04/09/2014,12/08/2014,Shipped Early,10,25,0.1,225,97.18,16.35
993,10623,24,25,8,2,07/08/2014,04/09/2014,12/08/2014,Shipped Early,4.5,3,0,13.5,97.18,0.98
994,10623,35,25,8,2,07/08/2014,04/09/2014,12/08/2014,Shipped Early,18,30,0.1,486,97.18,35.33
995,10624,28,78,4,2,07/08/2014,04/09/2014,19/08/2014,Shipped Early,45.6,10,0,456,94.8,31.03
996,10624,29,78,4,2,07/08/2014,04/09/2014,19/08/2014,Shipped Early,123.79,6,0,742.74,94.8,50.54
997,10624,44,78,4,2,07/08/2014,04/09/2014,19/08/2014,Shipped Early,19.45,10,0,194.5,94.8,13.23
998,10625,14,2,3,1,08/08/2014,05/09/2014,14/08/2014,Shipped Early,23.25,3,0,69.75,43.9,6.38
999,10625,42,2,3,1,08/08/2014,05/09/2014,14/08/2014,Shipped Early,14,5,0,70,43.9,6.41
1000,10625,60,2,3,1,08/08/2014,05/09/2014,14/08/2014,Shipped Early,34,10,0,340,43.9,31.11
1001,10626,53,5,1,2,11/08/2014,08/09/2014,20/08/2014,Shipped Early,32.8,12,0,393.6,138.69,36.31
1002,10626,60,5,1,2,11/08/2014,08/09/2014,20/08/2014,Shipped Early,34,20,0,680,138.69,62.72
1003,10626,71,5,1,2,11/08/2014,08/09/2014,20/08/2014,Shipped Early,21.5,20,0,430,138.69,39.66
1004,10627,62,71,8,3,11/08/2014,22/09/2014,21/08/2014,Shipped Early,49.3,15,0,739.5,107.46,67.02
1005,10627,73,71,8,3,11/08/2014,22/09/2014,21/08/2014,Shipped Early,15,35,0.15,446.25,107.46,40.44
1006,10628,1,7,4,3,12/08/2014,09/09/2014,20/08/2014,Shipped Early,18,25,0,450,30.36,30.36
1007,10629,29,30,4,3,12/08/2014,09/09/2014,20/08/2014,Shipped Early,123.79,20,0,2475.8,85.46,76.24
1008,10629,64,30,4,3,12/08/2014,09/09/2014,20/08/2014,Shipped Early,33.25,9,0,299.25,85.46,9.22
1009,10630,55,39,1,2,13/08/2014,10/09/2014,19/08/2014,Shipped Early,24,12,0.05,273.6,32.35,9.8
1010,10630,76,39,1,2,13/08/2014,10/09/2014,19/08/2014,Shipped Early,18,35,0,630,32.35,22.55
1011,10631,75,41,8,1,14/08/2014,11/09/2014,15/08/2014,Shipped Early,7.75,8,0.1,55.8,0.87,0.87
1012,10632,2,86,8,1,14/08/2014,11/09/2014,19/08/2014,Shipped Early,19,30,0.05,541.5,41.38,38.04
1013,10632,33,86,8,1,14/08/2014,11/09/2014,19/08/2014,Shipped Early,2.5,20,0.05,47.5,41.38,3.34
1014,10633,12,20,7,3,15/08/2014,12/09/2014,18/08/2014,Shipped Early,38,36,0.15,1162.8,477.9,100.84
1015,10633,13,20,7,3,15/08/2014,12/09/2014,18/08/2014,Shipped Early,6,13,0.15,66.3,477.9,5.75
1016,10633,26,20,7,3,15/08/2014,12/09/2014,18/08/2014,Shipped Early,31.23,35,0.15,929.09,477.9,80.57
1017,10633,62,20,7,3,15/08/2014,12/09/2014,18/08/2014,Shipped Early,49.3,80,0.15,3352.4,477.9,290.73
1018,10634,7,23,4,3,15/08/2014,12/09/2014,21/08/2014,Shipped Early,30,35,0,1050,487.38,102.65
1019,10634,18,23,4,3,15/08/2014,12/09/2014,21/08/2014,Shipped Early,62.5,50,0,3125,487.38,305.5
1020,10634,51,23,4,3,15/08/2014,12/09/2014,21/08/2014,Shipped Early,53,15,0,795,487.38,77.72
1021,10634,75,23,4,3,15/08/2014,12/09/2014,21/08/2014,Shipped Early,7.75,2,0,15.5,487.38,1.52
1022,10635,4,49,8,3,18/08/2014,15/09/2014,21/08/2014,Shipped Early,22,10,0.1,198,47.46,7.09
1023,10635,5,49,8,3,18/08/2014,15/09/2014,21/08/2014,Shipped Early,21.35,15,0.1,288.23,47.46,10.31
1024,10635,22,49,8,3,18/08/2014,15/09/2014,21/08/2014,Shipped Early,21,40,0,840,47.46,30.06
1025,10636,4,87,4,1,19/08/2014,16/09/2014,26/08/2014,Shipped Early,22,25,0,550,1.15,1
1026,10636,58,87,4,1,19/08/2014,16/09/2014,26/08/2014,Shipped Early,13.25,6,0,79.5,1.15,0.15
1027,10637,11,62,6,1,19/08/2014,16/09/2014,26/08/2014,Shipped Early,21,10,0,210,201.29,15.3
1028,10637,50,62,6,1,19/08/2014,16/09/2014,26/08/2014,Shipped Early,16.25,25,0.05,385.94,201.29,28.13
1029,10637,56,62,6,1,19/08/2014,16/09/2014,26/08/2014,Shipped Early,38,60,0.05,2166,201.29,157.86
1030,10638,45,47,3,1,20/08/2014,17/09/2014,01/09/2014,Shipped Early,9.5,20,0,190,158.44,11.07
1031,10638,65,47,3,1,20/08/2014,17/09/2014,01/09/2014,Shipped Early,21.05,21,0,442.05,158.44,25.75
1032,10638,72,47,3,1,20/08/2014,17/09/2014,01/09/2014,Shipped Early,34.8,60,0,2088,158.44,121.62
1033,10639,18,70,7,3,20/08/2014,17/09/2014,27/08/2014,Shipped Early,62.5,8,0,500,38.64,38.64
1034,10640,69,86,4,1,21/08/2014,18/09/2014,28/08/2014,Shipped Early,36,20,0.25,540,23.55,17.94
1035,10640,70,86,4,1,21/08/2014,18/09/2014,28/08/2014,Shipped Early,15,15,0.25,168.75,23.55,5.61
1036,10641,2,35,4,2,22/08/2014,19/09/2014,26/08/2014,Shipped Early,19,50,0,950,179.61,83.07
1037,10641,40,35,4,2,22/08/2014,19/09/2014,26/08/2014,Shipped Early,18.4,60,0,1104,179.61,96.54
1038,10642,21,73,7,3,22/08/2014,19/09/2014,05/09/2014,Shipped Early,10,30,0.2,240,41.89,14.44
1039,10642,61,73,7,3,22/08/2014,19/09/2014,05/09/2014,Shipped Early,28.5,20,0.2,456,41.89,27.45
1040,10643,28,1,6,1,25/08/2014,22/09/2014,02/09/2014,Shipped Early,45.6,15,0.25,513,29.46,18.55
1041,10643,39,1,6,1,25/08/2014,22/09/2014,02/09/2014,Shipped Early,18,21,0.25,283.5,29.46,10.25
1042,10643,46,1,6,1,25/08/2014,22/09/2014,02/09/2014,Shipped Early,12,2,0.25,18,29.46,0.65
1043,10644,18,88,3,2,25/08/2014,22/09/2014,01/09/2014,Shipped Early,62.5,4,0.1,225,0.14,0.02
1044,10644,43,88,3,2,25/08/2014,22/09/2014,01/09/2014,Shipped Early,46,20,0,920,0.14,0.09
1045,10644,46,88,3,2,25/08/2014,22/09/2014,01/09/2014,Shipped Early,12,21,0.1,226.8,0.14,0.02
1046,10645,18,34,4,1,26/08/2014,23/09/2014,02/09/2014,Shipped Early,62.5,20,0,1250,12.41,10.11
1047,10645,36,34,4,1,26/08/2014,23/09/2014,02/09/2014,Shipped Early,19,15,0,285,12.41,2.3
1048,10646,1,37,9,3,27/08/2014,08/10/2014,03/09/2014,Shipped Early,18,15,0.25,202.5,142.33,19.93
1049,10646,10,37,9,3,27/08/2014,08/10/2014,03/09/2014,Shipped Early,31,18,0.25,418.5,142.33,41.19
1050,10646,71,37,9,3,27/08/2014,08/10/2014,03/09/2014,Shipped Early,21.5,30,0.25,483.75,142.33,47.62
1051,10646,77,37,9,3,27/08/2014,08/10/2014,03/09/2014,Shipped Early,13,35,0.25,341.25,142.33,33.59
1052,10647,19,61,4,2,27/08/2014,10/09/2014,03/09/2014,Shipped Early,9.2,30,0,276,45.54,19.76
1053,10647,39,61,4,2,27/08/2014,10/09/2014,03/09/2014,Shipped Early,18,20,0,360,45.54,25.78
1054,10648,22,67,5,2,28/08/2014,09/10/2014,09/09/2014,Shipped Early,21,15,0,315,14.25,12.05
1055,10648,24,67,5,2,28/08/2014,09/10/2014,09/09/2014,Shipped Early,4.5,15,0.15,57.38,14.25,2.2
1056,10649,28,50,5,3,28/08/2014,25/09/2014,29/08/2014,Shipped Early,45.6,20,0,912,6.2,3.94
1057,10649,72,50,5,3,28/08/2014,25/09/2014,29/08/2014,Shipped Early,34.8,15,0,522,6.2,2.26
1058,10650,30,21,5,3,29/08/2014,26/09/2014,03/09/2014,Shipped Early,25.89,30,0,776.7,176.81,77.19
1059,10650,53,21,5,3,29/08/2014,26/09/2014,03/09/2014,Shipped Early,32.8,25,0.05,779,176.81,77.41
1060,10650,54,21,5,3,29/08/2014,26/09/2014,03/09/2014,Shipped Early,7.45,30,0,223.5,176.81,22.21
1061,10651,19,86,8,2,01/09/2014,29/09/2014,11/09/2014,Shipped Early,9.2,12,0.25,82.8,20.6,4.29
1062,10651,22,86,8,2,01/09/2014,29/09/2014,11/09/2014,Shipped Early,21,20,0.25,315,20.6,16.31
1063,10652,30,31,4,2,01/09/2014,29/09/2014,08/09/2014,Shipped Early,25.89,2,0.25,38.84,7.14,0.87
1064,10652,42,31,4,2,01/09/2014,29/09/2014,08/09/2014,Shipped Early,14,20,0,280,7.14,6.27
1065,10653,16,25,1,1,02/09/2014,30/09/2014,19/09/2014,Shipped Early,17.45,30,0.1,471.15,93.25,40.56
1066,10653,60,25,1,1,02/09/2014,30/09/2014,19/09/2014,Shipped Early,34,20,0.1,612,93.25,52.69
1067,10654,4,5,5,1,02/09/2014,30/09/2014,11/09/2014,Shipped Early,22,12,0.1,237.6,55.26,21.82
1068,10654,39,5,5,1,02/09/2014,30/09/2014,11/09/2014,Shipped Early,18,20,0.1,324,55.26,29.75
1069,10654,54,5,5,1,02/09/2014,30/09/2014,11/09/2014,Shipped Early,7.45,6,0.1,40.23,55.26,3.69
1070,10655,41,66,1,2,03/09/2014,01/10/2014,11/09/2014,Shipped Early,9.65,20,0.2,154.4,4.41,4.41
1071,10656,14,32,6,1,04/09/2014,02/10/2014,10/09/2014,Shipped Early,23.25,3,0.1,62.78,57.15,5.94
1072,10656,44,32,6,1,04/09/2014,02/10/2014,10/09/2014,Shipped Early,19.45,28,0.1,490.14,57.15,46.36
1073,10656,47,32,6,1,04/09/2014,02/10/2014,10/09/2014,Shipped Early,9.5,6,0.1,51.3,57.15,4.85
1074,10657,15,71,2,2,04/09/2014,02/10/2014,15/09/2014,Shipped Early,15.5,50,0,775,352.69,62.53
1075,10657,41,71,2,2,04/09/2014,02/10/2014,15/09/2014,Shipped Early,9.65,24,0,231.6,352.69,18.68
1076,10657,46,71,2,2,04/09/2014,02/10/2014,15/09/2014,Shipped Early,12,45,0,540,352.69,43.57
1077,10657,47,71,2,2,04/09/2014,02/10/2014,15/09/2014,Shipped Early,9.5,10,0,95,352.69,7.66
1078,10657,56,71,2,2,04/09/2014,02/10/2014,15/09/2014,Shipped Early,38,45,0,1710,352.69,137.96
1079,10657,60,71,2,2,04/09/2014,02/10/2014,15/09/2014,Shipped Early,34,30,0,1020,352.69,82.29
1080,10658,21,63,4,1,05/09/2014,03/10/2014,08/09/2014,Shipped Early,10,60,0,600,364.15,48.94
1081,10658,40,63,4,1,05/09/2014,03/10/2014,08/09/2014,Shipped Early,18.4,70,0.05,1223.6,364.15,99.8
1082,10658,60,63,4,1,05/09/2014,03/10/2014,08/09/2014,Shipped Early,34,55,0.05,1776.5,364.15,144.9
1083,10658,77,63,4,1,05/09/2014,03/10/2014,08/09/2014,Shipped Early,13,70,0.05,864.5,364.15,70.51
1084,10659,31,62,7,2,05/09/2014,03/10/2014,10/09/2014,Shipped Early,12.5,20,0.05,237.5,105.81,20.48
1085,10659,40,62,7,2,05/09/2014,03/10/2014,10/09/2014,Shipped Early,18.4,24,0.05,419.52,105.81,36.18
1086,10659,70,62,7,2,05/09/2014,03/10/2014,10/09/2014,Shipped Early,15,40,0.05,570,105.81,49.15
1087,10660,20,36,8,1,08/09/2014,06/10/2014,15/10/2014,Shipping Delayed,81,21,0,1701,111.29,111.29
1088,10661,39,37,7,3,09/09/2014,07/10/2014,15/09/2014,Shipped Early,18,3,0.2,43.2,17.55,1.35
1089,10661,58,37,7,3,09/09/2014,07/10/2014,15/09/2014,Shipped Early,13.25,49,0.2,519.4,17.55,16.2
1090,10662,68,48,3,2,09/09/2014,07/10/2014,18/09/2014,Shipped Early,12.5,10,0,125,1.28,1.28
1091,10663,40,9,2,2,10/09/2014,24/09/2014,03/10/2014,Shipping Delayed,18.4,30,0.05,524.4,113.15,30.74
1092,10663,42,9,2,2,10/09/2014,24/09/2014,03/10/2014,Shipping Delayed,14,30,0.05,399,113.15,23.39
1093,10663,51,9,2,2,10/09/2014,24/09/2014,03/10/2014,Shipping Delayed,53,20,0.05,1007,113.15,59.03
1094,10664,10,28,1,3,10/09/2014,08/10/2014,19/09/2014,Shipped Early,31,24,0.15,632.4,1.27,0.62
1095,10664,56,28,1,3,10/09/2014,08/10/2014,19/09/2014,Shipped Early,38,12,0.15,387.6,1.27,0.38
1096,10664,65,28,1,3,10/09/2014,08/10/2014,19/09/2014,Shipped Early,21.05,15,0.15,268.39,1.27,0.26
1097,10665,51,48,1,2,11/09/2014,09/10/2014,17/09/2014,Shipped Early,53,20,0,1060,26.31,21.54
1098,10665,59,48,1,2,11/09/2014,09/10/2014,17/09/2014,Shipped Early,55,1,0,55,26.31,1.12
1099,10665,76,48,1,2,11/09/2014,09/10/2014,17/09/2014,Shipped Early,18,10,0,180,26.31,3.66
1100,10666,29,68,7,2,12/09/2014,10/10/2014,22/09/2014,Shipped Early,123.79,36,0,4456.44,232.42,221.94
1101,10666,65,68,7,2,12/09/2014,10/10/2014,22/09/2014,Shipped Early,21.05,10,0,210.5,232.42,10.48
1102,10667,69,20,7,1,12/09/2014,10/10/2014,19/09/2014,Shipped Early,36,45,0.2,1296,78.09,65.85
1103,10667,71,20,7,1,12/09/2014,10/10/2014,19/09/2014,Shipped Early,21.5,14,0.2,240.8,78.09,12.24
1104,10668,31,86,1,2,15/09/2014,13/10/2014,23/09/2014,Shipped Early,12.5,8,0.1,90,47.22,6.8
1105,10668,55,86,1,2,15/09/2014,13/10/2014,23/09/2014,Shipped Early,24,4,0.1,86.4,47.22,6.52
1106,10668,64,86,1,2,15/09/2014,13/10/2014,23/09/2014,Shipped Early,33.25,15,0.1,448.88,47.22,33.9
1107,10669,36,73,2,1,15/09/2014,13/10/2014,22/09/2014,Shipped Early,19,30,0,570,24.39,24.39
1108,10670,23,25,4,1,16/09/2014,14/10/2014,18/09/2014,Shipped Early,9,32,0,288,203.48,25.46
1109,10670,46,25,4,1,16/09/2014,14/10/2014,18/09/2014,Shipped Early,12,60,0,720,203.48,63.65
1110,10670,67,25,4,1,16/09/2014,14/10/2014,18/09/2014,Shipped Early,14,25,0,350,203.48,30.94
1111,10670,73,25,4,1,16/09/2014,14/10/2014,18/09/2014,Shipped Early,15,50,0,750,203.48,66.3
1112,10670,75,25,4,1,16/09/2014,14/10/2014,18/09/2014,Shipped Early,7.75,25,0,193.75,203.48,17.13
1113,10671,16,26,1,1,17/09/2014,15/10/2014,24/09/2014,Shipped Early,17.45,10,0,174.5,30.34,5.75
1114,10671,62,26,1,1,17/09/2014,15/10/2014,24/09/2014,Shipped Early,49.3,10,0,493,30.34,16.26
1115,10671,65,26,1,1,17/09/2014,15/10/2014,24/09/2014,Shipped Early,21.05,12,0,252.6,30.34,8.33
1116,10672,38,5,9,2,17/09/2014,01/10/2014,26/09/2014,Shipped Early,263.5,15,0.1,3557.25,95.75,89.28
1117,10672,71,5,9,2,17/09/2014,01/10/2014,26/09/2014,Shipped Early,21.5,12,0,258,95.75,6.47
1118,10673,16,90,2,1,18/09/2014,16/10/2014,19/09/2014,Shipped Early,17.45,3,0,52.35,22.76,2.89
1119,10673,42,90,2,1,18/09/2014,16/10/2014,19/09/2014,Shipped Early,14,6,0,84,22.76,4.64
1120,10673,43,90,2,1,18/09/2014,16/10/2014,19/09/2014,Shipped Early,46,6,0,276,22.76,15.23
1121,10674,23,38,4,2,18/09/2014,16/10/2014,30/09/2014,Shipped Early,9,5,0,45,0.9,0.9
1122,10675,14,25,5,2,19/09/2014,17/10/2014,23/09/2014,Shipped Early,23.25,30,0,697.5,31.85,15.61
1123,10675,53,25,5,2,19/09/2014,17/10/2014,23/09/2014,Shipped Early,32.8,10,0,328,31.85,7.34
1124,10675,58,25,5,2,19/09/2014,17/10/2014,23/09/2014,Shipped Early,13.25,30,0,397.5,31.85,8.9
1125,10676,10,80,2,2,22/09/2014,20/10/2014,29/09/2014,Shipped Early,31,2,0,62,2.01,0.23
1126,10676,19,80,2,2,22/09/2014,20/10/2014,29/09/2014,Shipped Early,9.2,7,0,64.4,2.01,0.24
1127,10676,44,80,2,2,22/09/2014,20/10/2014,29/09/2014,Shipped Early,19.45,21,0,408.45,2.01,1.53
1128,10677,26,3,1,3,22/09/2014,20/10/2014,26/09/2014,Shipped Early,31.23,30,0.15,796.37,4.03,3.95
1129,10677,33,3,1,3,22/09/2014,20/10/2014,26/09/2014,Shipped Early,2.5,8,0.15,17,4.03,0.08
1130,10678,12,71,7,3,23/09/2014,21/10/2014,16/10/2014,Shipped Early,38,100,0,3800,388.98,281.2
1131,10678,33,71,7,3,23/09/2014,21/10/2014,16/10/2014,Shipped Early,2.5,30,0,75,388.98,5.55
1132,10678,41,71,7,3,23/09/2014,21/10/2014,16/10/2014,Shipped Early,9.65,120,0,1158,388.98,85.69
1133,10678,54,71,7,3,23/09/2014,21/10/2014,16/10/2014,Shipped Early,7.45,30,0,223.5,388.98,16.54
1134,10679,59,7,8,3,23/09/2014,21/10/2014,30/09/2014,Shipped Early,55,12,0,660,27.94,27.94
1135,10680,16,55,1,1,24/09/2014,22/10/2014,26/09/2014,Shipped Early,17.45,50,0.25,654.38,26.61,13.8
1136,10680,31,55,1,1,24/09/2014,22/10/2014,26/09/2014,Shipped Early,12.5,20,0.25,187.5,26.61,3.95
1137,10680,42,55,1,1,24/09/2014,22/10/2014,26/09/2014,Shipped Early,14,40,0.25,420,26.61,8.86
1138,10681,19,32,3,3,25/09/2014,23/10/2014,30/09/2014,Shipped Early,9.2,30,0.1,248.4,76.13,14.69
1139,10681,21,32,3,3,25/09/2014,23/10/2014,30/09/2014,Shipped Early,10,12,0.1,108,76.13,6.39
1140,10681,64,32,3,3,25/09/2014,23/10/2014,30/09/2014,Shipped Early,33.25,28,0,931,76.13,55.05
1141,10682,33,3,3,2,25/09/2014,23/10/2014,01/10/2014,Shipped Early,2.5,30,0,75,36.13,7.22
1142,10682,66,3,3,2,25/09/2014,23/10/2014,01/10/2014,Shipped Early,17,4,0,68,36.13,6.54
1143,10682,75,3,3,2,25/09/2014,23/10/2014,01/10/2014,Shipped Early,7.75,30,0,232.5,36.13,22.37
1144,10683,52,18,2,1,26/09/2014,24/10/2014,01/10/2014,Shipped Early,7,9,0,63,4.4,4.4
1145,10684,40,56,3,1,26/09/2014,24/10/2014,30/09/2014,Shipped Early,18.4,20,0,368,145.63,30.31
1146,10684,47,56,3,1,26/09/2014,24/10/2014,30/09/2014,Shipped Early,9.5,40,0,380,145.63,31.3
1147,10684,60,56,3,1,26/09/2014,24/10/2014,30/09/2014,Shipped Early,34,30,0,1020,145.63,84.02
1148,10685,10,31,4,2,29/09/2014,13/10/2014,03/10/2014,Shipped Early,31,20,0,620,33.75,26.12
1149,10685,41,31,4,2,29/09/2014,13/10/2014,03/10/2014,Shipped Early,9.65,4,0,38.6,33.75,1.63
1150,10685,47,31,4,2,29/09/2014,13/10/2014,03/10/2014,Shipped Early,9.5,15,0,142.5,33.75,6
1151,10686,17,59,2,1,30/09/2014,28/10/2014,08/10/2014,Shipped Early,39,30,0.2,936,96.5,64.31
1152,10686,26,59,2,1,30/09/2014,28/10/2014,08/10/2014,Shipped Early,31.23,15,0,468.45,96.5,32.19
1153,10687,9,37,9,2,30/09/2014,28/10/2014,30/10/2014,Shipping Delayed,97,50,0.25,3637.5,296.43,217.35
1154,10687,29,37,9,2,30/09/2014,28/10/2014,30/10/2014,Shipping Delayed,123.79,10,0,1237.9,296.43,73.97
1155,10687,36,37,9,2,30/09/2014,28/10/2014,30/10/2014,Shipping Delayed,19,6,0.25,85.5,296.43,5.11
1156,10688,10,83,4,2,01/10/2014,15/10/2014,07/10/2014,Shipped Early,31,18,0.1,502.2,299.09,47.52
1157,10688,28,83,4,2,01/10/2014,15/10/2014,07/10/2014,Shipped Early,45.6,60,0.1,2462.4,299.09,233.02
1158,10688,34,83,4,2,01/10/2014,15/10/2014,07/10/2014,Shipped Early,14,14,0,196,299.09,18.55
1159,10689,1,5,1,2,01/10/2014,29/10/2014,07/10/2014,Shipped Early,18,35,0.25,472.5,13.42,13.42
1160,10690,56,34,1,1,02/10/2014,30/10/2014,03/10/2014,Shipped Early,38,20,0.25,570,15.8,10.44
1161,10690,77,34,1,1,02/10/2014,30/10/2014,03/10/2014,Shipped Early,13,30,0.25,292.5,15.8,5.36
1162,10691,1,63,2,2,03/10/2014,14/11/2014,22/10/2014,Shipped Early,18,30,0,540,810.05,43.03
1163,10691,29,63,2,2,03/10/2014,14/11/2014,22/10/2014,Shipped Early,123.79,40,0,4951.6,810.05,394.6
1164,10691,43,63,2,2,03/10/2014,14/11/2014,22/10/2014,Shipped Early,46,40,0,1840,810.05,146.63
1165,10691,44,63,2,2,03/10/2014,14/11/2014,22/10/2014,Shipped Early,19.45,24,0,466.8,810.05,37.2
1166,10691,62,63,2,2,03/10/2014,14/11/2014,22/10/2014,Shipped Early,49.3,48,0,2366.4,810.05,188.58
1167,10692,63,1,4,2,03/10/2014,31/10/2014,13/10/2014,Shipped Early,43.9,20,0,878,61.02,61.02
1168,10693,9,89,3,3,06/10/2014,20/10/2014,10/10/2014,Shipped Early,97,6,0,582,139.34,39.15
1169,10693,54,89,3,3,06/10/2014,20/10/2014,10/10/2014,Shipped Early,7.45,60,0.15,379.95,139.34,25.56
1170,10693,69,89,3,3,06/10/2014,20/10/2014,10/10/2014,Shipped Early,36,30,0.15,918,139.34,61.76
1171,10693,73,89,3,3,06/10/2014,20/10/2014,10/10/2014,Shipped Early,15,15,0.15,191.25,139.34,12.87
1172,10694,7,63,8,3,06/10/2014,03/11/2014,09/10/2014,Shipped Early,30,90,0,2700,398.36,222.92
1173,10694,59,63,8,3,06/10/2014,03/11/2014,09/10/2014,Shipped Early,55,25,0,1375,398.36,113.52
1174,10694,70,63,8,3,06/10/2014,03/11/2014,09/10/2014,Shipped Early,15,50,0,750,398.36,61.92
1175,10695,8,90,7,1,07/10/2014,18/11/2014,14/10/2014,Shipped Early,40,10,0,400,16.72,10.42
1176,10695,12,90,7,1,07/10/2014,18/11/2014,14/10/2014,Shipped Early,38,4,0,152,16.72,3.96
1177,10695,24,90,7,1,07/10/2014,18/11/2014,14/10/2014,Shipped Early,4.5,20,0,90,16.72,2.34
1178,10696,17,89,8,3,08/10/2014,19/11/2014,14/10/2014,Shipped Early,39,20,0,780,102.55,80.31
1179,10696,46,89,8,3,08/10/2014,19/11/2014,14/10/2014,Shipped Early,12,18,0,216,102.55,22.24
1180,10697,19,47,3,1,08/10/2014,05/11/2014,14/10/2014,Shipped Early,9.2,7,0.25,48.3,45.52,2.73
1181,10697,35,47,3,1,08/10/2014,05/11/2014,14/10/2014,Shipped Early,18,9,0.25,121.5,45.52,6.87
1182,10697,58,47,3,1,08/10/2014,05/11/2014,14/10/2014,Shipped Early,13.25,30,0.25,298.13,45.52,16.85
1183,10697,70,47,3,1,08/10/2014,05/11/2014,14/10/2014,Shipped Early,15,30,0.25,337.5,45.52,19.07
1184,10698,11,20,4,1,09/10/2014,06/11/2014,17/10/2014,Shipped Early,21,15,0,315,272.47,24.98
1185,10698,17,20,4,1,09/10/2014,06/11/2014,17/10/2014,Shipped Early,39,8,0.05,296.4,272.47,23.5
1186,10698,29,20,4,1,09/10/2014,06/11/2014,17/10/2014,Shipped Early,123.79,12,0.05,1411.21,272.47,111.89
1187,10698,65,20,4,1,09/10/2014,06/11/2014,17/10/2014,Shipped Early,21.05,65,0.05,1299.84,272.47,103.06
1188,10698,70,20,4,1,09/10/2014,06/11/2014,17/10/2014,Shipped Early,15,8,0.05,114,272.47,9.04
1189,10699,47,52,3,3,09/10/2014,06/11/2014,13/10/2014,Shipped Early,9.5,12,0,114,0.58,0.58
1190,10700,1,71,3,1,10/10/2014,07/11/2014,16/10/2014,Shipped Early,18,5,0.2,72,65.1,2.86
1191,10700,34,71,3,1,10/10/2014,07/11/2014,16/10/2014,Shipped Early,14,12,0.2,134.4,65.1,5.34
1192,10700,68,71,3,1,10/10/2014,07/11/2014,16/10/2014,Shipped Early,12.5,40,0.2,400,65.1,15.89
1193,10700,71,71,3,1,10/10/2014,07/11/2014,16/10/2014,Shipped Early,21.5,60,0.2,1032,65.1,41.01
1194,10701,59,37,6,3,13/10/2014,27/10/2014,15/10/2014,Shipped Early,55,42,0.15,1963.5,220.31,151.01
1195,10701,71,37,6,3,13/10/2014,27/10/2014,15/10/2014,Shipped Early,21.5,20,0.15,365.5,220.31,28.11
1196,10701,76,37,6,3,13/10/2014,27/10/2014,15/10/2014,Shipped Early,18,35,0.15,535.5,220.31,41.19
1197,10702,3,1,4,1,13/10/2014,24/11/2014,21/10/2014,Shipped Early,10,6,0,60,23.94,4.35
1198,10702,76,1,4,1,13/10/2014,24/11/2014,21/10/2014,Shipped Early,18,15,0,270,23.94,19.59
1199,10703,2,24,6,2,14/10/2014,11/11/2014,20/10/2014,Shipped Early,19,5,0,95,152.3,5.69
1200,10703,59,24,6,2,14/10/2014,11/11/2014,20/10/2014,Shipped Early,55,35,0,1925,152.3,115.2
1201,10703,73,24,6,2,14/10/2014,11/11/2014,20/10/2014,Shipped Early,15,35,0,525,152.3,31.42
1202,10704,4,62,6,1,14/10/2014,11/11/2014,07/11/2014,Shipped Early,22,6,0,132,4.78,1.06
1203,10704,24,62,6,1,14/10/2014,11/11/2014,07/11/2014,Shipped Early,4.5,35,0,157.5,4.78,1.26
1204,10704,48,62,6,1,14/10/2014,11/11/2014,07/11/2014,Shipped Early,12.75,24,0,306,4.78,2.46
1205,10705,31,35,9,2,15/10/2014,12/11/2014,18/11/2014,Shipping Delayed,12.5,20,0,250,3.52,2.33
1206,10705,32,35,9,2,15/10/2014,12/11/2014,18/11/2014,Shipping Delayed,32,4,0,128,3.52,1.19
1207,10706,16,55,8,3,16/10/2014,13/11/2014,21/10/2014,Shipped Early,17.45,20,0,349,135.63,25.01
1208,10706,43,55,8,3,16/10/2014,13/11/2014,21/10/2014,Shipped Early,46,24,0,1104,135.63,79.1
1209,10706,59,55,8,3,16/10/2014,13/11/2014,21/10/2014,Shipped Early,55,8,0,440,135.63,31.53
1210,10707,55,4,4,3,16/10/2014,30/10/2014,23/10/2014,Shipped Early,24,21,0,504,21.74,6.68
1211,10707,57,4,4,3,16/10/2014,30/10/2014,23/10/2014,Shipped Early,19.5,40,0,780,21.74,10.33
1212,10707,70,4,4,3,16/10/2014,30/10/2014,23/10/2014,Shipped Early,15,28,0.15,357,21.74,4.73
1213,10708,5,77,6,2,17/10/2014,28/11/2014,05/11/2014,Shipped Early,21.35,4,0,85.4,2.96,1.4
1214,10708,36,77,6,2,17/10/2014,28/11/2014,05/11/2014,Shipped Early,19,5,0,95,2.96,1.56
1215,10709,8,31,1,3,17/10/2014,14/11/2014,20/11/2014,Shipping Delayed,40,40,0,1600,210.8,98.5
1216,10709,51,31,1,3,17/10/2014,14/11/2014,20/11/2014,Shipping Delayed,53,28,0,1484,210.8,91.36
1217,10709,60,31,1,3,17/10/2014,14/11/2014,20/11/2014,Shipping Delayed,34,10,0,340,210.8,20.93
1218,10710,19,27,1,1,20/10/2014,17/11/2014,23/10/2014,Shipped Early,9.2,5,0,46,4.98,2.45
1219,10710,47,27,1,1,20/10/2014,17/11/2014,23/10/2014,Shipped Early,9.5,5,0,47.5,4.98,2.53
1220,10711,19,71,5,2,21/10/2014,02/12/2014,29/10/2014,Shipped Early,9.2,12,0,110.4,52.41,1.3
1221,10711,41,71,5,2,21/10/2014,02/12/2014,29/10/2014,Shipped Early,9.65,42,0,405.3,52.41,4.77
1222,10711,53,71,5,2,21/10/2014,02/12/2014,29/10/2014,Shipped Early,32.8,120,0,3936,52.41,46.34
1223,10712,53,37,3,1,21/10/2014,18/11/2014,31/10/2014,Shipped Early,32.8,3,0.05,93.48,89.93,6.82
1224,10712,56,37,3,1,21/10/2014,18/11/2014,31/10/2014,Shipped Early,38,30,0,1140,89.93,83.11
1225,10713,10,71,1,1,22/10/2014,19/11/2014,24/10/2014,Shipped Early,31,18,0,558,167.05,32.96
1226,10713,26,71,1,1,22/10/2014,19/11/2014,24/10/2014,Shipped Early,31.23,30,0,936.9,167.05,55.34
1227,10713,45,71,1,1,22/10/2014,19/11/2014,24/10/2014,Shipped Early,9.5,110,0,1045,167.05,61.73
1228,10713,46,71,1,1,22/10/2014,19/11/2014,24/10/2014,Shipped Early,12,24,0,288,167.05,17.01
1229,10714,2,71,5,3,22/10/2014,19/11/2014,27/10/2014,Shipped Early,19,30,0.25,427.5,24.49,4.75
1230,10714,17,71,5,3,22/10/2014,19/11/2014,27/10/2014,Shipped Early,39,27,0.25,789.75,24.49,8.77
1231,10714,47,71,5,3,22/10/2014,19/11/2014,27/10/2014,Shipped Early,9.5,50,0.25,356.25,24.49,3.96
1232,10714,56,71,5,3,22/10/2014,19/11/2014,27/10/2014,Shipped Early,38,18,0.25,513,24.49,5.7
1233,10714,58,71,5,3,22/10/2014,19/11/2014,27/10/2014,Shipped Early,13.25,12,0.25,119.25,24.49,1.32
1234,10715,10,9,3,1,23/10/2014,06/11/2014,29/10/2014,Shipped Early,31,21,0,651,63.2,31.75
1235,10715,71,9,3,1,23/10/2014,06/11/2014,29/10/2014,Shipped Early,21.5,30,0,645,63.2,31.45
1236,10716,21,64,4,2,24/10/2014,21/11/2014,27/10/2014,Shipped Early,10,5,0,50,22.57,1.6
1237,10716,51,64,4,2,24/10/2014,21/11/2014,27/10/2014,Shipped Early,53,7,0,371,22.57,11.86
1238,10716,61,64,4,2,24/10/2014,21/11/2014,27/10/2014,Shipped Early,28.5,10,0,285,22.57,9.11
1239,10717,21,25,1,2,24/10/2014,21/11/2014,29/10/2014,Shipped Early,10,32,0.05,304,59.25,14.17
1240,10717,54,25,1,2,24/10/2014,21/11/2014,29/10/2014,Shipped Early,7.45,15,0,111.75,59.25,5.21
1241,10717,69,25,1,2,24/10/2014,21/11/2014,29/10/2014,Shipped Early,36,25,0.05,855,59.25,39.87
1242,10718,12,39,1,3,27/10/2014,24/11/2014,29/10/2014,Shipped Early,38,36,0,1368,170.88,67.5
1243,10718,16,39,1,3,27/10/2014,24/11/2014,29/10/2014,Shipped Early,17.45,20,0,349,170.88,17.22
1244,10718,36,39,1,3,27/10/2014,24/11/2014,29/10/2014,Shipped Early,19,40,0,760,170.88,37.5
1245,10718,62,39,1,3,27/10/2014,24/11/2014,29/10/2014,Shipped Early,49.3,20,0,986,170.88,48.65
1246,10719,18,45,8,2,27/10/2014,24/11/2014,05/11/2014,Shipped Early,62.5,12,0.25,562.5,51.44,34.27
1247,10719,30,45,8,2,27/10/2014,24/11/2014,05/11/2014,Shipped Early,25.89,3,0.25,58.25,51.44,3.55
1248,10719,54,45,8,2,27/10/2014,24/11/2014,05/11/2014,Shipped Early,7.45,40,0.25,223.5,51.44,13.62
1249,10720,35,61,8,2,28/10/2014,11/11/2014,05/11/2014,Shipped Early,18,21,0,378,9.53,6.55
1250,10720,71,61,8,2,28/10/2014,11/11/2014,05/11/2014,Shipped Early,21.5,8,0,172,9.53,2.98
1251,10721,44,63,5,3,29/10/2014,26/11/2014,31/10/2014,Shipped Early,19.45,50,0.05,923.88,48.92,48.92
1252,10722,2,71,8,1,29/10/2014,10/12/2014,04/11/2014,Shipped Early,19,3,0,57,74.58,2.71
1253,10722,31,71,8,1,29/10/2014,10/12/2014,04/11/2014,Shipped Early,12.5,50,0,625,74.58,29.69
1254,10722,68,71,8,1,29/10/2014,10/12/2014,04/11/2014,Shipped Early,12.5,45,0,562.5,74.58,26.72
1255,10722,75,71,8,1,29/10/2014,10/12/2014,04/11/2014,Shipped Early,7.75,42,0,325.5,74.58,15.46
1256,10723,26,89,3,1,30/10/2014,27/11/2014,25/11/2014,Shipped Early,31.23,15,0,468.45,21.72,21.72
1257,10724,10,51,8,2,30/10/2014,11/12/2014,05/11/2014,Shipped Early,31,16,0,496,57.75,44.86
1258,10724,61,51,8,2,30/10/2014,11/12/2014,05/11/2014,Shipped Early,28.5,5,0,142.5,57.75,12.89
1259,10725,41,21,4,3,31/10/2014,28/11/2014,05/11/2014,Shipped Early,9.65,12,0,115.8,10.83,4.36
1260,10725,52,21,4,3,31/10/2014,28/11/2014,05/11/2014,Shipped Early,7,4,0,28,10.83,1.05
1261,10725,55,21,4,3,31/10/2014,28/11/2014,05/11/2014,Shipped Early,24,6,0,144,10.83,5.42
1262,10726,4,19,4,1,03/11/2014,17/11/2014,05/12/2014,Shipping Delayed,22,25,0,550,16.56,13.91
1263,10726,11,19,4,1,03/11/2014,17/11/2014,05/12/2014,Shipping Delayed,21,5,0,105,16.56,2.65
1264,10727,17,66,2,1,03/11/2014,01/12/2014,05/12/2014,Shipping Delayed,39,20,0.05,741,89.9,41.01
1265,10727,56,66,2,1,03/11/2014,01/12/2014,05/12/2014,Shipping Delayed,38,10,0.05,361,89.9,19.98
1266,10727,59,66,2,1,03/11/2014,01/12/2014,05/12/2014,Shipping Delayed,55,10,0.05,522.5,89.9,28.92
1267,10728,30,62,4,2,04/11/2014,02/12/2014,11/11/2014,Shipped Early,25.89,15,0,388.35,58.33,17.47
1268,10728,40,62,4,2,04/11/2014,02/12/2014,11/11/2014,Shipped Early,18.4,6,0,110.4,58.33,4.97
1269,10728,55,62,4,2,04/11/2014,02/12/2014,11/11/2014,Shipped Early,24,12,0,288,58.33,12.95
1270,10728,60,62,4,2,04/11/2014,02/12/2014,11/11/2014,Shipped Early,34,15,0,510,58.33,22.94
1271,10729,1,47,8,3,04/11/2014,16/12/2014,14/11/2014,Shipped Early,18,50,0,900,141.06,68.62
1272,10729,21,47,8,3,04/11/2014,16/12/2014,14/11/2014,Shipped Early,10,30,0,300,141.06,22.87
1273,10729,50,47,8,3,04/11/2014,16/12/2014,14/11/2014,Shipped Early,16.25,40,0,650,141.06,49.56
1274,10730,16,9,5,1,05/11/2014,03/12/2014,14/11/2014,Shipped Early,17.45,15,0.05,248.66,20.12,10.33
1275,10730,31,9,5,1,05/11/2014,03/12/2014,14/11/2014,Shipped Early,12.5,3,0.05,35.63,20.12,1.48
1276,10730,65,9,5,1,05/11/2014,03/12/2014,14/11/2014,Shipped Early,21.05,10,0.05,199.98,20.12,8.31
1277,10731,21,14,7,1,06/11/2014,04/12/2014,14/11/2014,Shipped Early,10,40,0.05,380,96.65,19.43
1278,10731,51,14,7,1,06/11/2014,04/12/2014,14/11/2014,Shipped Early,53,30,0.05,1510.5,96.65,77.22
1279,10732,76,9,3,1,06/11/2014,04/12/2014,07/11/2014,Shipped Early,18,20,0,360,16.97,16.97
1280,10733,14,5,1,3,07/11/2014,05/12/2014,10/11/2014,Shipped Early,23.25,16,0,372,110.11,28.07
1281,10733,28,5,1,3,07/11/2014,05/12/2014,10/11/2014,Shipped Early,45.6,20,0,912,110.11,68.83
1282,10733,52,5,1,3,07/11/2014,05/12/2014,10/11/2014,Shipped Early,7,25,0,175,110.11,13.21
1283,10734,6,31,2,3,07/11/2014,05/12/2014,12/11/2014,Shipped Early,25,30,0,750,1.63,0.82
1284,10734,30,31,2,3,07/11/2014,05/12/2014,12/11/2014,Shipped Early,25.89,15,0,388.35,1.63,0.42
1285,10734,76,31,2,3,07/11/2014,05/12/2014,12/11/2014,Shipped Early,18,20,0,360,1.63,0.39
1286,10735,61,45,6,2,10/11/2014,08/12/2014,21/11/2014,Shipped Early,28.5,20,0.1,513,45.97,43.96
1287,10735,77,45,6,2,10/11/2014,08/12/2014,21/11/2014,Shipped Early,13,2,0.1,23.4,45.97,2.01
1288,10736,65,37,9,2,11/11/2014,09/12/2014,21/11/2014,Shipped Early,21.05,40,0,842,44.1,37.24
1289,10736,75,37,9,2,11/11/2014,09/12/2014,21/11/2014,Shipped Early,7.75,20,0,155,44.1,6.86
1290,10737,13,85,2,2,11/11/2014,09/12/2014,18/11/2014,Shipped Early,6,4,0,24,7.79,1.34
1291,10737,41,85,2,2,11/11/2014,09/12/2014,18/11/2014,Shipped Early,9.65,12,0,115.8,7.79,6.45
1292,10738,16,74,2,1,12/11/2014,10/12/2014,18/11/2014,Shipped Early,17.45,3,0,52.35,2.91,2.91
1293,10739,36,85,3,3,12/11/2014,10/12/2014,17/11/2014,Shipped Early,19,6,0,114,11.08,5.26
1294,10739,52,85,3,3,12/11/2014,10/12/2014,17/11/2014,Shipped Early,7,18,0,126,11.08,5.82
1295,10740,28,89,4,2,13/11/2014,11/12/2014,25/11/2014,Shipped Early,45.6,5,0.2,182.4,81.88,10.55
1296,10740,35,89,4,2,13/11/2014,11/12/2014,25/11/2014,Shipped Early,18,35,0.2,504,81.88,29.14
1297,10740,45,89,4,2,13/11/2014,11/12/2014,25/11/2014,Shipped Early,9.5,40,0.2,304,81.88,17.58
1298,10740,56,89,4,2,13/11/2014,11/12/2014,25/11/2014,Shipped Early,38,14,0.2,425.6,81.88,24.61
1299,10741,2,4,4,3,14/11/2014,28/11/2014,18/11/2014,Shipped Early,19,15,0.2,228,10.96,10.96
1300,10742,3,10,3,3,14/11/2014,12/12/2014,18/11/2014,Shipped Early,10,20,0,200,243.73,15.63
1301,10742,60,10,3,3,14/11/2014,12/12/2014,18/11/2014,Shipped Early,34,50,0,1700,243.73,132.89
1302,10742,72,10,3,3,14/11/2014,12/12/2014,18/11/2014,Shipped Early,34.8,35,0,1218,243.73,95.21
1303,10743,46,4,1,2,17/11/2014,15/12/2014,21/11/2014,Shipped Early,12,28,0.05,319.2,23.72,23.72
1304,10744,40,83,6,1,17/11/2014,15/12/2014,24/11/2014,Shipped Early,18.4,50,0.2,736,69.19,69.19
1305,10745,18,63,9,1,18/11/2014,16/12/2014,27/11/2014,Shipped Early,62.5,24,0,1500,3.52,1.17
1306,10745,44,63,9,1,18/11/2014,16/12/2014,27/11/2014,Shipped Early,19.45,16,0,311.2,3.52,0.24
1307,10745,59,63,9,1,18/11/2014,16/12/2014,27/11/2014,Shipped Early,55,45,0,2475,3.52,1.92
1308,10745,72,63,9,1,18/11/2014,16/12/2014,27/11/2014,Shipped Early,34.8,7,0,243.6,3.52,0.19
1309,10746,13,14,1,3,19/11/2014,17/12/2014,21/11/2014,Shipped Early,6,6,0,36,31.43,0.49
1310,10746,42,14,1,3,19/11/2014,17/12/2014,21/11/2014,Shipped Early,14,28,0,392,31.43,5.33
1311,10746,62,14,1,3,19/11/2014,17/12/2014,21/11/2014,Shipped Early,49.3,9,0,443.7,31.43,6.03
1312,10746,69,14,1,3,19/11/2014,17/12/2014,21/11/2014,Shipped Early,36,40,0,1440,31.43,19.58
1313,10747,31,59,6,1,19/11/2014,17/12/2014,26/11/2014,Shipped Early,12.5,8,0,100,117.33,6.13
1314,10747,41,59,6,1,19/11/2014,17/12/2014,26/11/2014,Shipped Early,9.65,35,0,337.75,117.33,20.72
1315,10747,63,59,6,1,19/11/2014,17/12/2014,26/11/2014,Shipped Early,43.9,9,0,395.1,117.33,24.23
1316,10747,69,59,6,1,19/11/2014,17/12/2014,26/11/2014,Shipped Early,36,30,0,1080,117.33,66.24
1317,10748,23,71,3,1,20/11/2014,18/12/2014,28/11/2014,Shipped Early,9,44,0,396,232.55,41.94
1318,10748,40,71,3,1,20/11/2014,18/12/2014,28/11/2014,Shipped Early,18.4,40,0,736,232.55,77.94
1319,10748,56,71,3,1,20/11/2014,18/12/2014,28/11/2014,Shipped Early,38,28,0,1064,232.55,112.67
1320,10749,56,38,4,2,20/11/2014,18/12/2014,19/12/2014,Shipping Delayed,38,15,0,570,61.53,32.47
1321,10749,59,38,4,2,20/11/2014,18/12/2014,19/12/2014,Shipping Delayed,55,6,0,330,61.53,18.8
1322,10749,76,38,4,2,20/11/2014,18/12/2014,19/12/2014,Shipping Delayed,18,10,0,180,61.53,10.26
1323,10750,14,87,9,1,21/11/2014,19/12/2014,24/11/2014,Shipped Early,23.25,5,0.15,98.81,79.3,4.93
1324,10750,45,87,9,1,21/11/2014,19/12/2014,24/11/2014,Shipped Early,9.5,40,0.15,323,79.3,16.1
1325,10750,59,87,9,1,21/11/2014,19/12/2014,24/11/2014,Shipped Early,55,25,0.15,1168.75,79.3,58.27
1326,10751,26,68,3,3,24/11/2014,22/12/2014,03/12/2014,Shipped Early,31.23,12,0.1,337.28,130.79,27.04
1327,10751,30,68,3,3,24/11/2014,22/12/2014,03/12/2014,Shipped Early,25.89,30,0,776.7,130.79,62.27
1328,10751,50,68,3,3,24/11/2014,22/12/2014,03/12/2014,Shipped Early,16.25,20,0.1,292.5,130.79,23.45
1329,10751,73,68,3,3,24/11/2014,22/12/2014,03/12/2014,Shipped Early,15,15,0,225,130.79,18.04
1330,10752,1,53,2,3,24/11/2014,22/12/2014,28/11/2014,Shipped Early,18,8,0,144,1.39,0.79
1331,10752,69,53,2,3,24/11/2014,22/12/2014,28/11/2014,Shipped Early,36,3,0,108,1.39,0.6
1332,10753,45,27,3,1,25/11/2014,23/12/2014,27/11/2014,Shipped Early,9.5,4,0,38,7.7,3.33
1333,10753,74,27,3,1,25/11/2014,23/12/2014,27/11/2014,Shipped Early,10,5,0,50,7.7,4.38
1334,10754,40,49,6,3,25/11/2014,23/12/2014,27/11/2014,Shipped Early,18.4,3,0,55.2,2.38,2.38
1335,10755,47,9,4,2,26/11/2014,24/12/2014,28/11/2014,Shipped Early,9.5,30,0.25,213.75,16.71,1.83
1336,10755,56,9,4,2,26/11/2014,24/12/2014,28/11/2014,Shipped Early,38,30,0.25,855,16.71,7.33
1337,10755,57,9,4,2,26/11/2014,24/12/2014,28/11/2014,Shipped Early,19.5,14,0.25,204.75,16.71,1.76
1338,10755,69,9,4,2,26/11/2014,24/12/2014,28/11/2014,Shipped Early,36,25,0.25,675,16.71,5.79
1339,10756,18,75,8,2,27/11/2014,25/12/2014,02/12/2014,Shipped Early,62.5,21,0.2,1050,73.21,38.63
1340,10756,36,75,8,2,27/11/2014,25/12/2014,02/12/2014,Shipped Early,19,20,0.2,304,73.21,11.18
1341,10756,68,75,8,2,27/11/2014,25/12/2014,02/12/2014,Shipped Early,12.5,6,0.2,60,73.21,2.21
1342,10756,69,75,8,2,27/11/2014,25/12/2014,02/12/2014,Shipped Early,36,20,0.2,576,73.21,21.19
1343,10757,34,71,6,1,27/11/2014,25/12/2014,15/12/2014,Shipped Early,14,30,0,420,8.19,1.12
1344,10757,59,71,6,1,27/11/2014,25/12/2014,15/12/2014,Shipped Early,55,7,0,385,8.19,1.02
1345,10757,62,71,6,1,27/11/2014,25/12/2014,15/12/2014,Shipped Early,49.3,30,0,1479,8.19,3.93
1346,10757,64,71,6,1,27/11/2014,25/12/2014,15/12/2014,Shipped Early,33.25,24,0,798,8.19,2.12
1347,10758,26,68,3,3,28/11/2014,26/12/2014,04/12/2014,Shipped Early,31.23,20,0,624.6,138.17,52.48
1348,10758,52,68,3,3,28/11/2014,26/12/2014,04/12/2014,Shipped Early,7,60,0,420,138.17,35.29
1349,10758,70,68,3,3,28/11/2014,26/12/2014,04/12/2014,Shipped Early,15,40,0,600,138.17,50.41
1350,10759,32,2,3,3,28/11/2014,26/12/2014,12/12/2014,Shipped Early,32,10,0,320,11.99,11.99
1351,10760,25,50,4,1,01/12/2014,29/12/2014,10/12/2014,Shipped Early,14,12,0.25,126,155.64,6.72
1352,10760,27,50,4,1,01/12/2014,29/12/2014,10/12/2014,Shipped Early,43.9,40,0,1756,155.64,93.69
1353,10760,43,50,4,1,01/12/2014,29/12/2014,10/12/2014,Shipped Early,46,30,0.25,1035,155.64,55.22
1354,10761,25,65,5,2,02/12/2014,30/12/2014,08/12/2014,Shipped Early,14,35,0.25,367.5,18.66,13.53
1355,10761,75,65,5,2,02/12/2014,30/12/2014,08/12/2014,Shipped Early,7.75,18,0,139.5,18.66,5.13
1356,10762,39,24,3,1,02/12/2014,30/12/2014,09/12/2014,Shipped Early,18,16,0,288,328.74,21.83
1357,10762,47,24,3,1,02/12/2014,30/12/2014,09/12/2014,Shipped Early,9.5,30,0,285,328.74,21.6
1358,10762,51,24,3,1,02/12/2014,30/12/2014,09/12/2014,Shipped Early,53,28,0,1484,328.74,112.49
1359,10762,56,24,3,1,02/12/2014,30/12/2014,09/12/2014,Shipped Early,38,60,0,2280,328.74,172.82
1360,10763,21,23,3,3,03/12/2014,31/12/2014,08/12/2014,Shipped Early,10,40,0,400,37.35,24.25
1361,10763,22,23,3,3,03/12/2014,31/12/2014,08/12/2014,Shipped Early,21,6,0,126,37.35,7.64
1362,10763,24,23,3,3,03/12/2014,31/12/2014,08/12/2014,Shipped Early,4.5,20,0,90,37.35,5.46
1363,10764,3,20,6,3,03/12/2014,31/12/2014,08/12/2014,Shipped Early,10,20,0.1,180,145.45,11.45
1364,10764,39,20,6,3,03/12/2014,31/12/2014,08/12/2014,Shipped Early,18,130,0.1,2106,145.45,134
1365,10765,65,63,3,3,04/12/2014,01/01/2015,09/12/2014,Shipped Early,21.05,80,0.1,1515.6,42.74,42.74
1366,10766,2,56,4,1,05/12/2014,02/01/2015,09/12/2014,Shipped Early,19,40,0,760,157.55,51.83
1367,10766,7,56,4,1,05/12/2014,02/01/2015,09/12/2014,Shipped Early,30,35,0,1050,157.55,71.61
1368,10766,68,56,4,1,05/12/2014,02/01/2015,09/12/2014,Shipped Early,12.5,40,0,500,157.55,34.1
1369,10767,42,76,4,3,05/12/2014,02/01/2015,15/12/2014,Shipped Early,14,2,0,28,1.59,1.59
1370,10768,22,4,3,2,08/12/2014,05/01/2015,15/12/2014,Shipped Early,21,4,0,84,146.32,8.32
1371,10768,31,4,3,2,08/12/2014,05/01/2015,15/12/2014,Shipped Early,12.5,50,0,625,146.32,61.92
1372,10768,60,4,3,2,08/12/2014,05/01/2015,15/12/2014,Shipped Early,34,15,0,510,146.32,50.52
1373,10768,71,4,3,2,08/12/2014,05/01/2015,15/12/2014,Shipped Early,21.5,12,0,258,146.32,25.56
1374,10769,41,83,3,1,08/12/2014,05/01/2015,12/12/2014,Shipped Early,9.65,30,0.05,275.03,65.06,10.62
1375,10769,52,83,3,1,08/12/2014,05/01/2015,12/12/2014,Shipped Early,7,15,0.05,99.75,65.06,3.85
1376,10769,61,83,3,1,08/12/2014,05/01/2015,12/12/2014,Shipped Early,28.5,20,0,570,65.06,22.02
1377,10769,62,83,3,1,08/12/2014,05/01/2015,12/12/2014,Shipped Early,49.3,15,0,739.5,65.06,28.57
1378,10770,11,34,8,3,09/12/2014,06/01/2015,17/12/2014,Shipped Early,21,15,0.25,236.25,5.32,5.32
1379,10771,71,20,9,2,10/12/2014,07/01/2015,02/01/2015,Shipped Early,21.5,16,0,344,11.19,11.19
1380,10772,29,44,3,2,10/12/2014,07/01/2015,19/12/2014,Shipped Early,123.79,18,0,2228.22,91.28,56.45
1381,10772,59,44,3,2,10/12/2014,07/01/2015,19/12/2014,Shipped Early,55,25,0,1375,91.28,34.83
1382,10773,17,20,1,3,11/12/2014,08/01/2015,16/12/2014,Shipped Early,39,33,0,1287,96.43,61.12
1383,10773,31,20,1,3,11/12/2014,08/01/2015,16/12/2014,Shipped Early,12.5,70,0.2,700,96.43,33.25
1384,10773,75,20,1,3,11/12/2014,08/01/2015,16/12/2014,Shipped Early,7.75,7,0.2,43.4,96.43,2.06
1385,10774,31,24,4,1,11/12/2014,25/12/2014,12/12/2014,Shipped Early,12.5,2,0.25,18.75,48.2,1.04
1386,10774,66,24,4,1,11/12/2014,25/12/2014,12/12/2014,Shipped Early,17,50,0,850,48.2,47.16
1387,10775,10,78,7,1,12/12/2014,09/01/2015,26/12/2014,Shipped Early,31,6,0,186,20.25,16.52
1388,10775,67,78,7,1,12/12/2014,09/01/2015,26/12/2014,Shipped Early,14,3,0,42,20.25,3.73
1389,10776,31,20,1,3,15/12/2014,12/01/2015,18/12/2014,Shipped Early,12.5,16,0.05,190,351.53,10.07
1390,10776,42,20,1,3,15/12/2014,12/01/2015,18/12/2014,Shipped Early,14,12,0.05,159.6,351.53,8.46
1391,10776,45,20,1,3,15/12/2014,12/01/2015,18/12/2014,Shipped Early,9.5,27,0.05,243.68,351.53,12.91
1392,10776,51,20,1,3,15/12/2014,12/01/2015,18/12/2014,Shipped Early,53,120,0.05,6042,351.53,320.1
1393,10777,42,31,7,2,15/12/2014,29/12/2014,21/01/2015,Shipping Delayed,14,20,0.2,224,3.01,3.01
1394,10778,41,5,3,1,16/12/2014,13/01/2015,24/12/2014,Shipped Early,9.65,10,0,96.5,6.79,6.79
1395,10779,16,52,3,2,16/12/2014,13/01/2015,14/01/2015,Shipping Delayed,17.45,20,0,349,58.13,15.2
1396,10779,62,52,3,2,16/12/2014,13/01/2015,14/01/2015,Shipping Delayed,49.3,20,0,986,58.13,42.93
1397,10780,70,46,2,1,16/12/2014,30/12/2014,25/12/2014,Shipped Early,15,35,0,525,42.13,30.72
1398,10780,77,46,2,1,16/12/2014,30/12/2014,25/12/2014,Shipped Early,13,15,0,195,42.13,11.41
1399,10781,54,87,2,3,17/12/2014,14/01/2015,19/12/2014,Shipped Early,7.45,3,0.2,17.88,73.16,1.34
1400,10781,56,87,2,3,17/12/2014,14/01/2015,19/12/2014,Shipped Early,38,20,0.2,608,73.16,45.58
1401,10781,74,87,2,3,17/12/2014,14/01/2015,19/12/2014,Shipped Early,10,35,0,350,73.16,26.24
1402,10782,31,12,9,3,17/12/2014,14/01/2015,22/12/2014,Shipped Early,12.5,1,0,12.5,1.1,1.1
1403,10783,31,34,4,2,18/12/2014,15/01/2015,19/12/2014,Shipped Early,12.5,10,0,125,124.98,10.83
1404,10783,38,34,4,2,18/12/2014,15/01/2015,19/12/2014,Shipped Early,263.5,5,0,1317.5,124.98,114.15
1405,10784,36,49,4,3,18/12/2014,15/01/2015,22/12/2014,Shipped Early,19,30,0,570,70.09,26.85
1406,10784,39,49,4,3,18/12/2014,15/01/2015,22/12/2014,Shipped Early,18,2,0.15,30.6,70.09,1.44
1407,10784,72,49,4,3,18/12/2014,15/01/2015,22/12/2014,Shipped Early,34.8,30,0.15,887.4,70.09,41.8
1408,10785,10,33,1,3,18/12/2014,15/01/2015,24/12/2014,Shipped Early,31,10,0,310,1.51,1.21
1409,10785,75,33,1,3,18/12/2014,15/01/2015,24/12/2014,Shipped Early,7.75,10,0,77.5,1.51,0.3
1410,10786,8,62,8,1,19/12/2014,16/01/2015,23/12/2014,Shipped Early,40,30,0.2,960,110.87,69.52
1411,10786,30,62,8,1,19/12/2014,16/01/2015,23/12/2014,Shipped Early,25.89,15,0.2,310.68,110.87,22.5
1412,10786,75,62,8,1,19/12/2014,16/01/2015,23/12/2014,Shipped Early,7.75,42,0.2,260.4,110.87,18.86
1413,10787,2,41,2,1,19/12/2014,02/01/2015,26/12/2014,Shipped Early,19,15,0.05,270.75,249.93,25.8
1414,10787,29,41,2,1,19/12/2014,02/01/2015,26/12/2014,Shipped Early,123.79,20,0.05,2352.01,249.93,224.13
1415,10788,19,63,1,2,22/12/2014,19/01/2015,19/01/2015,Shipped on Time,9.2,50,0.05,437,42.7,25.51
1416,10788,75,63,1,2,22/12/2014,19/01/2015,19/01/2015,Shipped on Time,7.75,40,0.05,294.5,42.7,17.19
1417,10789,18,23,1,2,22/12/2014,19/01/2015,31/12/2014,Shipped Early,62.5,30,0,1875,100.6,51.16
1418,10789,35,23,1,2,22/12/2014,19/01/2015,31/12/2014,Shipped Early,18,15,0,270,100.6,7.37
1419,10789,63,23,1,2,22/12/2014,19/01/2015,31/12/2014,Shipped Early,43.9,30,0,1317,100.6,35.93
1420,10789,68,23,1,2,22/12/2014,19/01/2015,31/12/2014,Shipped Early,12.5,18,0,225,100.6,6.14
1421,10790,7,31,6,1,22/12/2014,19/01/2015,26/12/2014,Shipped Early,30,3,0.15,76.5,28.23,2.99
1422,10790,56,31,6,1,22/12/2014,19/01/2015,26/12/2014,Shipped Early,38,20,0.15,646,28.23,25.24
1423,10791,29,25,6,2,23/12/2014,20/01/2015,01/01/2015,Shipped Early,123.79,14,0.05,1646.41,16.85,15.16
1424,10791,41,25,6,2,23/12/2014,20/01/2015,01/01/2015,Shipped Early,9.65,20,0.05,183.35,16.85,1.69
1425,10792,2,91,1,3,23/12/2014,20/01/2015,31/12/2014,Shipped Early,19,10,0,190,23.79,11.3
1426,10792,54,91,1,3,23/12/2014,20/01/2015,31/12/2014,Shipped Early,7.45,3,0,22.35,23.79,1.33
1427,10792,68,91,1,3,23/12/2014,20/01/2015,31/12/2014,Shipped Early,12.5,15,0,187.5,23.79,11.16
1428,10793,41,4,3,3,24/12/2014,21/01/2015,08/01/2015,Shipped Early,9.65,14,0,135.1,4.52,3.2
1429,10793,52,4,3,3,24/12/2014,21/01/2015,08/01/2015,Shipped Early,7,8,0,56,4.52,1.32
1430,10794,14,61,6,1,24/12/2014,21/01/2015,02/01/2015,Shipped Early,23.25,15,0.2,279,21.49,19.05
1431,10794,54,61,6,1,24/12/2014,21/01/2015,02/01/2015,Shipped Early,7.45,6,0.2,35.76,21.49,2.44
1432,10795,16,20,8,2,24/12/2014,21/01/2015,20/01/2015,Shipped Early,17.45,65,0,1134.25,126.66,66.57
1433,10795,17,20,8,2,24/12/2014,21/01/2015,20/01/2015,Shipped Early,39,35,0.25,1023.75,126.66,60.09
1434,10796,26,35,3,1,25/12/2014,22/01/2015,14/01/2015,Shipped Early,31.23,21,0.2,524.66,26.52,5.94
1435,10796,44,35,3,1,25/12/2014,22/01/2015,14/01/2015,Shipped Early,19.45,10,0,194.5,26.52,2.2
1436,10796,64,35,3,1,25/12/2014,22/01/2015,14/01/2015,Shipped Early,33.25,35,0.2,931,26.52,10.55
1437,10796,69,35,3,1,25/12/2014,22/01/2015,14/01/2015,Shipped Early,36,24,0.2,691.2,26.52,7.83
1438,10797,11,17,7,2,25/12/2014,22/01/2015,05/01/2015,Shipped Early,21,20,0,420,33.35,33.35
1439,10798,62,38,2,1,26/12/2014,23/01/2015,05/01/2015,Shipped Early,49.3,2,0,98.6,2.33,0.51
1440,10798,72,38,2,1,26/12/2014,23/01/2015,05/01/2015,Shipped Early,34.8,10,0,348,2.33,1.82
1441,10799,13,39,9,3,26/12/2014,06/02/2015,05/01/2015,Shipped Early,6,20,0.15,102,30.76,2.02
1442,10799,24,39,9,3,26/12/2014,06/02/2015,05/01/2015,Shipped Early,4.5,20,0.15,76.5,30.76,1.51
1443,10799,59,39,9,3,26/12/2014,06/02/2015,05/01/2015,Shipped Early,55,25,0,1375,30.76,27.23
1444,10800,11,72,1,3,26/12/2014,23/01/2015,05/01/2015,Shipped Early,21,50,0.1,945,137.44,88.42
1445,10800,51,72,1,3,26/12/2014,23/01/2015,05/01/2015,Shipped Early,53,10,0.1,477,137.44,44.63
1446,10800,54,72,1,3,26/12/2014,23/01/2015,05/01/2015,Shipped Early,7.45,7,0.1,46.94,137.44,4.39
1447,10801,17,8,4,2,29/12/2014,26/01/2015,31/12/2014,Shipped Early,39,40,0.25,1170,97.09,37.53
1448,10801,29,8,4,2,29/12/2014,26/01/2015,31/12/2014,Shipped Early,123.79,20,0.25,1856.85,97.09,59.56
1449,10802,30,73,4,2,29/12/2014,26/01/2015,02/01/2015,Shipped Early,25.89,25,0.25,485.44,257.26,42.44
1450,10802,51,73,4,2,29/12/2014,26/01/2015,02/01/2015,Shipped Early,53,30,0.25,1192.5,257.26,104.25
1451,10802,55,73,4,2,29/12/2014,26/01/2015,02/01/2015,Shipped Early,24,60,0.25,1080,257.26,94.41
1452,10802,62,73,4,2,29/12/2014,26/01/2015,02/01/2015,Shipped Early,49.3,5,0.25,184.88,257.26,16.16
1453,10803,19,88,4,1,30/12/2014,27/01/2015,06/01/2015,Shipped Early,9.2,24,0.05,209.76,55.23,9.71
1454,10803,25,88,4,1,30/12/2014,27/01/2015,06/01/2015,Shipped Early,14,15,0.05,199.5,55.23,9.24
1455,10803,59,88,4,1,30/12/2014,27/01/2015,06/01/2015,Shipped Early,55,15,0.05,783.75,55.23,36.28
1456,10804,10,72,6,2,30/12/2014,27/01/2015,07/01/2015,Shipped Early,31,36,0,1116,27.33,13.39
1457,10804,28,72,6,2,30/12/2014,27/01/2015,07/01/2015,Shipped Early,45.6,24,0,1094.4,27.33,13.13
1458,10804,49,72,6,2,30/12/2014,27/01/2015,07/01/2015,Shipped Early,20,4,0.15,68,27.33,0.82
1459,10805,34,77,2,3,30/12/2014,27/01/2015,09/01/2015,Shipped Early,14,10,0,140,237.34,11.97
1460,10805,38,77,2,3,30/12/2014,27/01/2015,09/01/2015,Shipped Early,263.5,10,0,2635,237.34,225.37
1461,10806,2,84,3,2,31/12/2014,28/01/2015,05/01/2015,Shipped Early,19,20,0.25,285,22.11,14.33
1462,10806,65,84,3,2,31/12/2014,28/01/2015,05/01/2015,Shipped Early,21.05,2,0,42.1,22.11,2.12
1463,10806,74,84,3,2,31/12/2014,28/01/2015,05/01/2015,Shipped Early,10,15,0.25,112.5,22.11,5.66
1464,10807,40,27,4,1,31/12/2014,28/01/2015,30/01/2015,Shipping Delayed,18.4,1,0,18.4,1.36,1.36
1465,10808,56,55,2,3,01/01/2015,29/01/2015,09/01/2015,Shipped Early,38,20,0.15,646,45.53,20.85
1466,10808,76,55,2,3,01/01/2015,29/01/2015,09/01/2015,Shipped Early,18,50,0.15,765,45.53,24.68
1467,10809,52,88,7,1,01/01/2015,29/01/2015,07/01/2015,Shipped Early,7,20,0,140,4.87,4.87
1468,10810,13,42,2,3,01/01/2015,29/01/2015,07/01/2015,Shipped Early,6,7,0,42,4.33,0.97
1469,10810,25,42,2,3,01/01/2015,29/01/2015,07/01/2015,Shipped Early,14,5,0,70,4.33,1.62
1470,10810,70,42,2,3,01/01/2015,29/01/2015,07/01/2015,Shipped Early,15,5,0,75,4.33,1.74
1471,10811,19,47,8,1,02/01/2015,30/01/2015,08/01/2015,Shipped Early,9.2,15,0,138,31.22,5.06
1472,10811,23,47,8,1,02/01/2015,30/01/2015,08/01/2015,Shipped Early,9,18,0,162,31.22,5.94
1473,10811,40,47,8,1,02/01/2015,30/01/2015,08/01/2015,Shipped Early,18.4,30,0,552,31.22,20.23
1474,10812,31,66,5,1,02/01/2015,30/01/2015,12/01/2015,Shipped Early,12.5,16,0.1,180,59.78,6.36
1475,10812,72,66,5,1,02/01/2015,30/01/2015,12/01/2015,Shipped Early,34.8,40,0.1,1252.8,59.78,44.24
1476,10812,77,66,5,1,02/01/2015,30/01/2015,12/01/2015,Shipped Early,13,20,0,260,59.78,9.18
1477,10813,2,67,1,1,05/01/2015,02/02/2015,09/01/2015,Shipped Early,19,12,0.2,182.4,47.38,14.35
1478,10813,46,67,1,1,05/01/2015,02/02/2015,09/01/2015,Shipped Early,12,35,0,420,47.38,33.03
1479,10814,41,84,3,3,05/01/2015,02/02/2015,14/01/2015,Shipped Early,9.65,20,0,193,130.94,14.13
1480,10814,43,84,3,3,05/01/2015,02/02/2015,14/01/2015,Shipped Early,46,20,0.15,782,130.94,57.25
1481,10814,48,84,3,3,05/01/2015,02/02/2015,14/01/2015,Shipped Early,12.75,8,0.15,86.7,130.94,6.35
1482,10814,61,84,3,3,05/01/2015,02/02/2015,14/01/2015,Shipped Early,28.5,30,0.15,726.75,130.94,53.21
1483,10815,33,71,2,3,05/01/2015,02/02/2015,14/01/2015,Shipped Early,2.5,16,0,40,14.62,14.62
1484,10816,38,32,4,2,06/01/2015,03/02/2015,04/02/2015,Shipping Delayed,263.5,30,0.05,7509.75,719.78,639.96
1485,10816,62,32,4,2,06/01/2015,03/02/2015,04/02/2015,Shipping Delayed,49.3,20,0.05,936.7,719.78,79.82
1486,10817,26,39,3,2,06/01/2015,20/01/2015,13/01/2015,Shipped Early,31.23,40,0.15,1061.82,306.07,29.67
1487,10817,38,39,3,2,06/01/2015,20/01/2015,13/01/2015,Shipped Early,263.5,30,0,7905,306.07,220.9
1488,10817,40,39,3,2,06/01/2015,20/01/2015,13/01/2015,Shipped Early,18.4,60,0.15,938.4,306.07,26.22
1489,10817,62,39,3,2,06/01/2015,20/01/2015,13/01/2015,Shipped Early,49.3,25,0.15,1047.63,306.07,29.28
1490,10818,32,49,7,3,07/01/2015,04/02/2015,12/01/2015,Shipped Early,32,20,0,640,65.48,50.31
1491,10818,41,49,7,3,07/01/2015,04/02/2015,12/01/2015,Shipped Early,9.65,20,0,193,65.48,15.17
1492,10819,43,12,2,3,07/01/2015,04/02/2015,16/01/2015,Shipped Early,46,7,0,322,19.76,13.34
1493,10819,75,12,2,3,07/01/2015,04/02/2015,16/01/2015,Shipped Early,7.75,20,0,155,19.76,6.42
1494,10820,56,65,3,2,07/01/2015,04/02/2015,13/01/2015,Shipped Early,38,30,0,1140,37.52,37.52
1495,10821,35,75,1,1,08/01/2015,05/02/2015,15/01/2015,Shipped Early,18,20,0,360,36.68,19.48
1496,10821,51,75,1,1,08/01/2015,05/02/2015,15/01/2015,Shipped Early,53,6,0,318,36.68,17.2
1497,10822,62,82,6,3,08/01/2015,05/02/2015,16/01/2015,Shipped Early,49.3,3,0,147.9,7,4.35
1498,10822,70,82,6,3,08/01/2015,05/02/2015,16/01/2015,Shipped Early,15,6,0,90,7,2.65
1499,10823,11,46,5,2,09/01/2015,06/02/2015,13/01/2015,Shipped Early,21,20,0.1,378,163.97,21.93
1500,10823,57,46,5,2,09/01/2015,06/02/2015,13/01/2015,Shipped Early,19.5,15,0,292.5,163.97,16.97
1501,10823,59,46,5,2,09/01/2015,06/02/2015,13/01/2015,Shipped Early,55,40,0.1,1980,163.97,114.88
1502,10823,77,46,5,2,09/01/2015,06/02/2015,13/01/2015,Shipped Early,13,15,0.1,175.5,163.97,10.18
1503,10824,41,24,8,1,09/01/2015,06/02/2015,30/01/2015,Shipped Early,9.65,12,0,115.8,1.23,0.57
1504,10824,70,24,8,1,09/01/2015,06/02/2015,30/01/2015,Shipped Early,15,9,0,135,1.23,0.66
1505,10825,26,17,1,1,09/01/2015,06/02/2015,14/01/2015,Shipped Early,31.23,12,0,374.76,79.25,28.81
1506,10825,53,17,1,1,09/01/2015,06/02/2015,14/01/2015,Shipped Early,32.8,20,0,656,79.25,50.44
1507,10826,31,7,6,1,12/01/2015,09/02/2015,06/02/2015,Shipped Early,12.5,35,0,437.5,7.09,4.25
1508,10826,57,7,6,1,12/01/2015,09/02/2015,06/02/2015,Shipped Early,19.5,15,0,292.5,7.09,2.84
1509,10827,10,9,1,2,12/01/2015,26/01/2015,06/02/2015,Shipping Delayed,31,15,0,465,63.54,35.05
1510,10827,39,9,1,2,12/01/2015,26/01/2015,06/02/2015,Shipping Delayed,18,21,0,378,63.54,28.49
1511,10828,20,64,9,1,13/01/2015,27/01/2015,04/02/2015,Shipping Delayed,81,5,0,405,90.85,39.48
1512,10828,38,64,9,1,13/01/2015,27/01/2015,04/02/2015,Shipping Delayed,263.5,2,0,527,90.85,51.37
1513,10829,2,38,9,1,13/01/2015,10/02/2015,23/01/2015,Shipped Early,19,10,0,190,154.72,16.66
1514,10829,8,38,9,1,13/01/2015,10/02/2015,23/01/2015,Shipped Early,40,20,0,800,154.72,70.17
1515,10829,13,38,9,1,13/01/2015,10/02/2015,23/01/2015,Shipped Early,6,10,0,60,154.72,5.26
1516,10829,60,38,9,1,13/01/2015,10/02/2015,23/01/2015,Shipped Early,34,21,0,714,154.72,62.62
1517,10830,6,81,4,2,13/01/2015,24/02/2015,21/01/2015,Shipped Early,25,6,0,150,81.83,6.22
1518,10830,39,81,4,2,13/01/2015,24/02/2015,21/01/2015,Shipped Early,18,28,0,504,81.83,20.89
1519,10830,60,81,4,2,13/01/2015,24/02/2015,21/01/2015,Shipped Early,34,30,0,1020,81.83,42.28
1520,10830,68,81,4,2,13/01/2015,24/02/2015,21/01/2015,Shipped Early,12.5,24,0,300,81.83,12.44
1521,10831,19,70,3,2,14/01/2015,11/02/2015,23/01/2015,Shipped Early,9.2,2,0,18.4,72.19,0.49
1522,10831,35,70,3,2,14/01/2015,11/02/2015,23/01/2015,Shipped Early,18,8,0,144,72.19,3.87
1523,10831,38,70,3,2,14/01/2015,11/02/2015,23/01/2015,Shipped Early,263.5,8,0,2108,72.19,56.69
1524,10831,43,70,3,2,14/01/2015,11/02/2015,23/01/2015,Shipped Early,46,9,0,414,72.19,11.13
1525,10832,13,41,2,2,14/01/2015,11/02/2015,19/01/2015,Shipped Early,6,3,0.2,14.4,43.26,1.31
1526,10832,25,41,2,2,14/01/2015,11/02/2015,19/01/2015,Shipped Early,14,10,0.2,112,43.26,10.2
1527,10832,44,41,2,2,14/01/2015,11/02/2015,19/01/2015,Shipped Early,19.45,16,0.2,248.96,43.26,22.67
1528,10832,64,41,2,2,14/01/2015,11/02/2015,19/01/2015,Shipped Early,33.25,3,0,99.75,43.26,9.08
1529,10833,7,56,6,2,15/01/2015,12/02/2015,23/01/2015,Shipped Early,30,20,0.1,540,71.49,42.57
1530,10833,31,56,6,2,15/01/2015,12/02/2015,23/01/2015,Shipped Early,12.5,9,0.1,101.25,71.49,7.98
1531,10833,53,56,6,2,15/01/2015,12/02/2015,23/01/2015,Shipped Early,32.8,9,0.1,265.68,71.49,20.94
1532,10834,29,81,1,3,15/01/2015,12/02/2015,19/01/2015,Shipped Early,123.79,8,0.05,940.8,29.78,19.56
1533,10834,30,81,1,3,15/01/2015,12/02/2015,19/01/2015,Shipped Early,25.89,20,0.05,491.91,29.78,10.22
1534,10835,59,1,1,3,15/01/2015,12/02/2015,21/01/2015,Shipped Early,55,15,0,825,69.53,67.82
1535,10835,77,1,1,3,15/01/2015,12/02/2015,21/01/2015,Shipped Early,13,2,0.2,20.8,69.53,1.71
1536,10836,22,20,7,1,16/01/2015,13/02/2015,21/01/2015,Shipped Early,21,52,0,1092,411.88,95.58
1537,10836,35,20,7,1,16/01/2015,13/02/2015,21/01/2015,Shipped Early,18,6,0,108,411.88,9.45
1538,10836,57,20,7,1,16/01/2015,13/02/2015,21/01/2015,Shipped Early,19.5,24,0,468,411.88,40.96
1539,10836,60,20,7,1,16/01/2015,13/02/2015,21/01/2015,Shipped Early,34,60,0,2040,411.88,178.56
1540,10836,64,20,7,1,16/01/2015,13/02/2015,21/01/2015,Shipped Early,33.25,30,0,997.5,411.88,87.31
1541,10837,13,5,9,3,16/01/2015,13/02/2015,23/01/2015,Shipped Early,6,6,0,36,13.32,0.45
1542,10837,40,5,9,3,16/01/2015,13/02/2015,23/01/2015,Shipped Early,18.4,25,0,460,13.32,5.76
1543,10837,47,5,9,3,16/01/2015,13/02/2015,23/01/2015,Shipped Early,9.5,40,0.25,285,13.32,3.57
1544,10837,76,5,9,3,16/01/2015,13/02/2015,23/01/2015,Shipped Early,18,21,0.25,283.5,13.32,3.55
1545,10838,1,47,3,3,19/01/2015,16/02/2015,23/01/2015,Shipped Early,18,4,0.25,54,59.28,1.65
1546,10838,18,47,3,3,19/01/2015,16/02/2015,23/01/2015,Shipped Early,62.5,25,0.25,1171.88,59.28,35.84
1547,10838,36,47,3,3,19/01/2015,16/02/2015,23/01/2015,Shipped Early,19,50,0.25,712.5,59.28,21.79
1548,10839,58,81,3,3,19/01/2015,16/02/2015,22/01/2015,Shipped Early,13.25,30,0.1,357.75,35.43,15.32
1549,10839,72,81,3,3,19/01/2015,16/02/2015,22/01/2015,Shipped Early,34.8,15,0.1,469.8,35.43,20.11
1550,10840,25,47,4,2,19/01/2015,02/03/2015,16/02/2015,Shipped Early,14,6,0.2,67.2,2.71,0.86
1551,10840,39,47,4,2,19/01/2015,02/03/2015,16/02/2015,Shipped Early,18,10,0.2,144,2.71,1.85
1552,10841,10,76,5,2,20/01/2015,17/02/2015,29/01/2015,Shipped Early,31,16,0,496,424.3,45.94
1553,10841,56,76,5,2,20/01/2015,17/02/2015,29/01/2015,Shipped Early,38,30,0,1140,424.3,105.59
1554,10841,59,76,5,2,20/01/2015,17/02/2015,29/01/2015,Shipped Early,55,50,0,2750,424.3,254.71
1555,10841,77,76,5,2,20/01/2015,17/02/2015,29/01/2015,Shipped Early,13,15,0,195,424.3,18.06
1556,10842,11,80,1,3,20/01/2015,17/02/2015,29/01/2015,Shipped Early,21,15,0,315,54.42,17.58
1557,10842,43,80,1,3,20/01/2015,17/02/2015,29/01/2015,Shipped Early,46,5,0,230,54.42,12.84
1558,10842,68,80,1,3,20/01/2015,17/02/2015,29/01/2015,Shipped Early,12.5,20,0,250,54.42,13.95
1559,10842,70,80,1,3,20/01/2015,17/02/2015,29/01/2015,Shipped Early,15,12,0,180,54.42,10.05
1560,10843,51,84,4,2,21/01/2015,18/02/2015,26/01/2015,Shipped Early,53,4,0.25,159,9.26,9.26
1561,10844,22,59,8,2,21/01/2015,18/02/2015,26/01/2015,Shipped Early,21,35,0,735,25.22,25.22
1562,10845,23,63,8,1,21/01/2015,04/02/2015,30/01/2015,Shipped Early,9,70,0.1,567,212.98,31.67
1563,10845,35,63,8,1,21/01/2015,04/02/2015,30/01/2015,Shipped Early,18,25,0.1,405,212.98,22.62
1564,10845,42,63,8,1,21/01/2015,04/02/2015,30/01/2015,Shipped Early,14,42,0.1,529.2,212.98,29.56
1565,10845,58,63,8,1,21/01/2015,04/02/2015,30/01/2015,Shipped Early,13.25,60,0.1,715.5,212.98,39.97
1566,10845,64,63,8,1,21/01/2015,04/02/2015,30/01/2015,Shipped Early,33.25,48,0,1596,212.98,89.15
1567,10846,4,76,2,3,22/01/2015,05/03/2015,23/01/2015,Shipped Early,22,21,0,462,56.46,23.46
1568,10846,70,76,2,3,22/01/2015,05/03/2015,23/01/2015,Shipped Early,15,30,0,450,56.46,22.85
1569,10846,74,76,2,3,22/01/2015,05/03/2015,23/01/2015,Shipped Early,10,20,0,200,56.46,10.15
1570,10847,1,71,4,3,22/01/2015,05/02/2015,10/02/2015,Shipping Delayed,18,80,0.2,1152,487.57,113.89
1571,10847,19,71,4,3,22/01/2015,05/02/2015,10/02/2015,Shipping Delayed,9.2,12,0.2,88.32,487.57,8.73
1572,10847,37,71,4,3,22/01/2015,05/02/2015,10/02/2015,Shipping Delayed,26,60,0.2,1248,487.57,123.38
1573,10847,45,71,4,3,22/01/2015,05/02/2015,10/02/2015,Shipping Delayed,9.5,36,0.2,273.6,487.57,27.05
1574,10847,60,71,4,3,22/01/2015,05/02/2015,10/02/2015,Shipping Delayed,34,45,0.2,1224,487.57,121
1575,10847,71,71,4,3,22/01/2015,05/02/2015,10/02/2015,Shipping Delayed,21.5,55,0.2,946,487.57,93.52
1576,10848,5,16,7,2,23/01/2015,20/02/2015,29/01/2015,Shipped Early,21.35,30,0,640.5,38.24,26.29
1577,10848,9,16,7,2,23/01/2015,20/02/2015,29/01/2015,Shipped Early,97,3,0,291,38.24,11.95
1578,10849,3,39,9,2,23/01/2015,20/02/2015,30/01/2015,Shipped Early,10,49,0,490,0.56,0.28
1579,10849,26,39,9,2,23/01/2015,20/02/2015,30/01/2015,Shipped Early,31.23,18,0.15,477.82,0.56,0.28
1580,10850,25,84,1,1,23/01/2015,06/03/2015,30/01/2015,Shipped Early,14,20,0.15,238,49.19,18.61
1581,10850,33,84,1,1,23/01/2015,06/03/2015,30/01/2015,Shipped Early,2.5,4,0.15,8.5,49.19,0.66
1582,10850,70,84,1,1,23/01/2015,06/03/2015,30/01/2015,Shipped Early,15,30,0.15,382.5,49.19,29.91
1583,10851,2,67,5,1,26/01/2015,23/02/2015,02/02/2015,Shipped Early,19,5,0.05,90.25,160.55,5.57
1584,10851,25,67,5,1,26/01/2015,23/02/2015,02/02/2015,Shipped Early,14,10,0.05,133,160.55,8.2
1585,10851,57,67,5,1,26/01/2015,23/02/2015,02/02/2015,Shipped Early,19.5,10,0.05,185.25,160.55,11.43
1586,10851,59,67,5,1,26/01/2015,23/02/2015,02/02/2015,Shipped Early,55,42,0.05,2194.5,160.55,135.35
1587,10852,2,65,8,1,26/01/2015,09/02/2015,30/01/2015,Shipped Early,19,15,0,285,174.05,16.62
1588,10852,17,65,8,1,26/01/2015,09/02/2015,30/01/2015,Shipped Early,39,6,0,234,174.05,13.65
1589,10852,62,65,8,1,26/01/2015,09/02/2015,30/01/2015,Shipped Early,49.3,50,0,2465,174.05,143.78
1590,10853,18,6,9,2,27/01/2015,24/02/2015,03/02/2015,Shipped Early,62.5,10,0,625,53.83,53.83
1591,10854,10,20,3,2,27/01/2015,24/02/2015,05/02/2015,Shipped Early,31,100,0.15,2635,100.22,89.02
1592,10854,13,20,3,2,27/01/2015,24/02/2015,05/02/2015,Shipped Early,6,65,0.15,331.5,100.22,11.2
1593,10855,16,55,3,1,27/01/2015,24/02/2015,04/02/2015,Shipped Early,17.45,50,0,872.5,170.97,66.96
1594,10855,31,55,3,1,27/01/2015,24/02/2015,04/02/2015,Shipped Early,12.5,14,0,175,170.97,13.43
1595,10855,56,55,3,1,27/01/2015,24/02/2015,04/02/2015,Shipped Early,38,24,0,912,170.97,69.99
1596,10855,65,55,3,1,27/01/2015,24/02/2015,04/02/2015,Shipped Early,21.05,15,0.15,268.39,170.97,20.6
1597,10856,2,3,3,2,28/01/2015,25/02/2015,10/02/2015,Shipped Early,19,20,0,380,58.43,33.64
1598,10856,42,3,3,2,28/01/2015,25/02/2015,10/02/2015,Shipped Early,14,20,0,280,58.43,24.79
1599,10857,3,5,8,2,28/01/2015,25/02/2015,06/02/2015,Shipped Early,10,30,0,300,188.85,27.66
1600,10857,26,5,8,2,28/01/2015,25/02/2015,06/02/2015,Shipped Early,31.23,35,0.25,819.79,188.85,75.59
1601,10857,29,5,8,2,28/01/2015,25/02/2015,06/02/2015,Shipped Early,123.79,10,0.25,928.43,188.85,85.6
1602,10858,7,40,2,1,29/01/2015,26/02/2015,03/02/2015,Shipped Early,30,5,0,150,52.51,12.14
1603,10858,27,40,2,1,29/01/2015,26/02/2015,03/02/2015,Shipped Early,43.9,10,0,439,52.51,35.52
1604,10858,70,40,2,1,29/01/2015,26/02/2015,03/02/2015,Shipped Early,15,4,0,60,52.51,4.85
1605,10859,24,25,1,2,29/01/2015,26/02/2015,02/02/2015,Shipped Early,4.5,40,0.25,135,76.1,9.52
1606,10859,54,25,1,2,29/01/2015,26/02/2015,02/02/2015,Shipped Early,7.45,35,0.25,195.56,76.1,13.8
1607,10859,64,25,1,2,29/01/2015,26/02/2015,02/02/2015,Shipped Early,33.25,30,0.25,748.13,76.1,52.78
1608,10860,51,26,3,3,29/01/2015,26/02/2015,04/02/2015,Shipped Early,53,3,0,159,19.26,5.9
1609,10860,76,26,3,3,29/01/2015,26/02/2015,04/02/2015,Shipped Early,18,20,0,360,19.26,13.36
1610,10861,17,89,4,2,30/01/2015,27/02/2015,17/02/2015,Shipped Early,39,42,0,1638,14.93,6.94
1611,10861,18,89,4,2,30/01/2015,27/02/2015,17/02/2015,Shipped Early,62.5,20,0,1250,14.93,5.3
1612,10861,21,89,4,2,30/01/2015,27/02/2015,17/02/2015,Shipped Early,10,40,0,400,14.93,1.69
1613,10861,33,89,4,2,30/01/2015,27/02/2015,17/02/2015,Shipped Early,2.5,35,0,87.5,14.93,0.37
1614,10861,62,89,4,2,30/01/2015,27/02/2015,17/02/2015,Shipped Early,49.3,3,0,147.9,14.93,0.63
1615,10862,11,44,8,2,30/01/2015,13/03/2015,02/02/2015,Shipped Early,21,25,0,525,53.23,48.1
1616,10862,52,44,8,2,30/01/2015,13/03/2015,02/02/2015,Shipped Early,7,8,0,56,53.23,5.13
1617,10863,1,35,4,2,02/02/2015,02/03/2015,17/02/2015,Shipped Early,18,20,0.15,306,30.26,20.99
1618,10863,58,35,4,2,02/02/2015,02/03/2015,17/02/2015,Shipped Early,13.25,12,0.15,135.15,30.26,9.27
1619,10864,35,4,4,2,02/02/2015,02/03/2015,09/02/2015,Shipped Early,18,4,0,72,3.04,0.78
1620,10864,67,4,4,2,02/02/2015,02/03/2015,09/02/2015,Shipped Early,14,15,0,210,3.04,2.26
1621,10865,38,63,2,1,02/02/2015,16/02/2015,12/02/2015,Shipped Early,263.5,60,0.05,15019.5,348.14,319.08
1622,10865,39,63,2,1,02/02/2015,16/02/2015,12/02/2015,Shipped Early,18,80,0.05,1368,348.14,29.06
1623,10866,2,5,5,1,03/02/2015,03/03/2015,12/02/2015,Shipped Early,19,21,0.25,299.25,109.11,29.79
1624,10866,24,5,5,1,03/02/2015,03/03/2015,12/02/2015,Shipped Early,4.5,6,0.25,20.25,109.11,2.02
1625,10866,30,5,5,1,03/02/2015,03/03/2015,12/02/2015,Shipped Early,25.89,40,0.25,776.7,109.11,77.31
1626,10867,53,48,6,1,03/02/2015,17/03/2015,11/02/2015,Shipped Early,32.8,3,0,98.4,1.93,1.93
1627,10868,26,62,7,2,04/02/2015,04/03/2015,23/02/2015,Shipped Early,31.23,20,0,624.6,191.27,62.2
1628,10868,35,62,7,2,04/02/2015,04/03/2015,23/02/2015,Shipped Early,18,30,0,540,191.27,53.78
1629,10868,49,62,7,2,04/02/2015,04/03/2015,23/02/2015,Shipped Early,20,42,0.1,756,191.27,75.29
1630,10869,1,72,5,1,04/02/2015,04/03/2015,09/02/2015,Shipped Early,18,40,0,720,143.28,63.29
1631,10869,11,72,5,1,04/02/2015,04/03/2015,09/02/2015,Shipped Early,21,10,0,210,143.28,18.46
1632,10869,23,72,5,1,04/02/2015,04/03/2015,09/02/2015,Shipped Early,9,50,0,450,143.28,39.56
1633,10869,68,72,5,1,04/02/2015,04/03/2015,09/02/2015,Shipped Early,12.5,20,0,250,143.28,21.98
1634,10870,35,91,5,3,04/02/2015,04/03/2015,13/02/2015,Shipped Early,18,3,0,54,12.04,4.06
1635,10870,51,91,5,3,04/02/2015,04/03/2015,13/02/2015,Shipped Early,53,2,0,106,12.04,7.98
1636,10871,6,9,9,2,05/02/2015,05/03/2015,10/02/2015,Shipped Early,25,50,0.05,1187.5,112.27,67.36
1637,10871,16,9,9,2,05/02/2015,05/03/2015,10/02/2015,Shipped Early,17.45,12,0.05,198.93,112.27,11.28
1638,10871,17,9,9,2,05/02/2015,05/03/2015,10/02/2015,Shipped Early,39,16,0.05,592.8,112.27,33.63
1639,10872,55,30,5,2,05/02/2015,05/03/2015,09/02/2015,Shipped Early,24,10,0.05,228,175.32,19.42
1640,10872,62,30,5,2,05/02/2015,05/03/2015,09/02/2015,Shipped Early,49.3,20,0.05,936.7,175.32,79.78
1641,10872,64,30,5,2,05/02/2015,05/03/2015,09/02/2015,Shipped Early,33.25,15,0.05,473.81,175.32,40.35
1642,10872,65,30,5,2,05/02/2015,05/03/2015,09/02/2015,Shipped Early,21.05,21,0.05,419.95,175.32,35.77
1643,10873,21,90,4,1,06/02/2015,06/03/2015,09/02/2015,Shipped Early,10,20,0,200,0.82,0.49
1644,10873,28,90,4,1,06/02/2015,06/03/2015,09/02/2015,Shipped Early,45.6,3,0,136.8,0.82,0.33
1645,10874,10,30,5,2,06/02/2015,06/03/2015,11/02/2015,Shipped Early,31,10,0,310,19.58,19.58
1646,10875,19,5,4,2,06/02/2015,06/03/2015,03/03/2015,Shipped Early,9.2,25,0,230,32.37,10.49
1647,10875,47,5,4,2,06/02/2015,06/03/2015,03/03/2015,Shipped Early,9.5,21,0.1,179.55,32.37,8.19
1648,10875,49,5,4,2,06/02/2015,06/03/2015,03/03/2015,Shipped Early,20,15,0,300,32.37,13.69
1649,10876,46,9,7,3,09/02/2015,09/03/2015,12/02/2015,Shipped Early,12,21,0,252,60.42,16.6
1650,10876,64,9,7,3,09/02/2015,09/03/2015,12/02/2015,Shipped Early,33.25,20,0,665,60.42,43.82
1651,10877,16,67,1,1,09/02/2015,09/03/2015,19/02/2015,Shipped Early,17.45,30,0.25,392.63,38.06,7.64
1652,10877,18,67,1,1,09/02/2015,09/03/2015,19/02/2015,Shipped Early,62.5,25,0,1562.5,38.06,30.42
1653,10878,20,63,4,1,10/02/2015,10/03/2015,12/02/2015,Shipped Early,81,20,0.05,1539,46.69,46.69
1654,10879,40,90,3,3,10/02/2015,10/03/2015,12/02/2015,Shipped Early,18.4,12,0,220.8,8.5,3.07
1655,10879,65,90,3,3,10/02/2015,10/03/2015,12/02/2015,Shipped Early,21.05,10,0,210.5,8.5,2.93
1656,10879,76,90,3,3,10/02/2015,10/03/2015,12/02/2015,Shipped Early,18,10,0,180,8.5,2.5
1657,10880,23,24,7,1,10/02/2015,24/03/2015,18/02/2015,Shipped Early,9,30,0.2,216,88.01,12.67
1658,10880,61,24,7,1,10/02/2015,24/03/2015,18/02/2015,Shipped Early,28.5,30,0.2,684,88.01,40.13
1659,10880,70,24,7,1,10/02/2015,24/03/2015,18/02/2015,Shipped Early,15,50,0.2,600,88.01,35.2
1660,10881,73,12,4,1,11/02/2015,11/03/2015,18/02/2015,Shipped Early,15,10,0,150,2.84,2.84
1661,10882,42,71,4,3,11/02/2015,11/03/2015,20/02/2015,Shipped Early,14,25,0,350,23.1,9.06
1662,10882,49,71,4,3,11/02/2015,11/03/2015,20/02/2015,Shipped Early,20,20,0.15,340,23.1,8.8
1663,10882,54,71,4,3,11/02/2015,11/03/2015,20/02/2015,Shipped Early,7.45,32,0.15,202.64,23.1,5.24
1664,10883,24,48,8,3,12/02/2015,12/03/2015,20/02/2015,Shipped Early,4.5,8,0,36,0.53,0.53
1665,10884,21,45,4,2,12/02/2015,12/03/2015,13/02/2015,Shipped Early,10,40,0.05,380,90.97,25.08
1666,10884,56,45,4,2,12/02/2015,12/03/2015,13/02/2015,Shipped Early,38,21,0.05,758.1,90.97,50.04
1667,10884,65,45,4,2,12/02/2015,12/03/2015,13/02/2015,Shipped Early,21.05,12,0.05,239.97,90.97,15.84
1668,10885,2,76,6,3,12/02/2015,12/03/2015,18/02/2015,Shipped Early,19,20,0,380,5.64,1.77
1669,10885,24,76,6,3,12/02/2015,12/03/2015,18/02/2015,Shipped Early,4.5,12,0,54,5.64,0.25
1670,10885,70,76,6,3,12/02/2015,12/03/2015,18/02/2015,Shipped Early,15,30,0,450,5.64,2.1
1671,10885,77,76,6,3,12/02/2015,12/03/2015,18/02/2015,Shipped Early,13,25,0,325,5.64,1.52
1672,10886,10,34,1,1,13/02/2015,13/03/2015,02/03/2015,Shipped Early,31,70,0,2170,4.99,3.46
1673,10886,31,34,1,1,13/02/2015,13/03/2015,02/03/2015,Shipped Early,12.5,35,0,437.5,4.99,0.7
1674,10886,77,34,1,1,13/02/2015,13/03/2015,02/03/2015,Shipped Early,13,40,0,520,4.99,0.83
1675,10887,25,29,8,3,13/02/2015,13/03/2015,16/02/2015,Shipped Early,14,5,0,70,1.25,1.25
1676,10888,2,30,1,2,16/02/2015,16/03/2015,23/02/2015,Shipped Early,19,20,0,380,51.87,32.58
1677,10888,68,30,1,2,16/02/2015,16/03/2015,23/02/2015,Shipped Early,12.5,18,0,225,51.87,19.29
1678,10889,11,65,9,3,16/02/2015,16/03/2015,23/02/2015,Shipped Early,21,40,0,840,280.61,20.71
1679,10889,38,65,9,3,16/02/2015,16/03/2015,23/02/2015,Shipped Early,263.5,40,0,10540,280.61,259.9
1680,10890,17,18,7,1,16/02/2015,16/03/2015,18/02/2015,Shipped Early,39,15,0,585,32.76,22.28
1681,10890,34,18,7,1,16/02/2015,16/03/2015,18/02/2015,Shipped Early,14,10,0,140,32.76,5.33
1682,10890,41,18,7,1,16/02/2015,16/03/2015,18/02/2015,Shipped Early,9.65,14,0,135.1,32.76,5.15
1683,10891,30,44,7,2,17/02/2015,17/03/2015,19/02/2015,Shipped Early,25.89,15,0.05,368.93,20.37,20.37
1684,10892,59,50,4,2,17/02/2015,17/03/2015,19/02/2015,Shipped Early,55,40,0.05,2090,120.27,120.27
1685,10893,8,39,9,2,18/02/2015,18/03/2015,20/02/2015,Shipped Early,40,30,0,1200,77.78,16.96
1686,10893,24,39,9,2,18/02/2015,18/03/2015,20/02/2015,Shipped Early,4.5,10,0,45,77.78,0.64
1687,10893,29,39,9,2,18/02/2015,18/03/2015,20/02/2015,Shipped Early,123.79,24,0,2970.96,77.78,42
1688,10893,30,39,9,2,18/02/2015,18/03/2015,20/02/2015,Shipped Early,25.89,35,0,906.15,77.78,12.81
1689,10893,36,39,9,2,18/02/2015,18/03/2015,20/02/2015,Shipped Early,19,20,0,380,77.78,5.37
1690,10894,13,71,1,1,18/02/2015,18/03/2015,20/02/2015,Shipped Early,6,28,0.05,159.6,116.13,6.73
1691,10894,69,71,1,1,18/02/2015,18/03/2015,20/02/2015,Shipped Early,36,50,0.05,1710,116.13,72.13
1692,10894,75,71,1,1,18/02/2015,18/03/2015,20/02/2015,Shipped Early,7.75,120,0.05,883.5,116.13,37.27
1693,10895,24,20,3,1,18/02/2015,18/03/2015,23/02/2015,Shipped Early,4.5,110,0,495,162.75,12.63
1694,10895,39,20,3,1,18/02/2015,18/03/2015,23/02/2015,Shipped Early,18,45,0,810,162.75,20.66
1695,10895,40,20,3,1,18/02/2015,18/03/2015,23/02/2015,Shipped Early,18.4,91,0,1674.4,162.75,42.72
1696,10895,60,20,3,1,18/02/2015,18/03/2015,23/02/2015,Shipped Early,34,100,0,3400,162.75,86.74
1697,10896,45,50,7,3,19/02/2015,19/03/2015,27/02/2015,Shipped Early,9.5,15,0,142.5,32.45,6.16
1698,10896,56,50,7,3,19/02/2015,19/03/2015,27/02/2015,Shipped Early,38,16,0,608,32.45,26.29
1699,10897,29,37,3,2,19/02/2015,19/03/2015,25/02/2015,Shipped Early,123.79,80,0,9903.2,603.54,551.62
1700,10897,30,37,3,2,19/02/2015,19/03/2015,25/02/2015,Shipped Early,25.89,36,0,932.04,603.54,51.92
1701,10898,13,54,4,2,20/02/2015,20/03/2015,06/03/2015,Shipped Early,6,5,0,30,1.27,1.27
1702,10899,39,46,5,3,20/02/2015,20/03/2015,26/02/2015,Shipped Early,18,8,0.15,122.4,1.21,1.21
1703,10900,70,88,1,2,20/02/2015,20/03/2015,04/03/2015,Shipped Early,15,3,0.25,33.75,1.66,1.66
1704,10901,41,35,4,1,23/02/2015,23/03/2015,26/02/2015,Shipped Early,9.65,30,0,289.5,62.09,19.23
1705,10901,71,35,4,1,23/02/2015,23/03/2015,26/02/2015,Shipped Early,21.5,30,0,645,62.09,42.86
1706,10902,55,24,1,1,23/02/2015,23/03/2015,03/03/2015,Shipped Early,24,30,0.15,612,44.15,31.29
1707,10902,62,24,1,1,23/02/2015,23/03/2015,03/03/2015,Shipped Early,49.3,6,0.15,251.43,44.15,12.86
1708,10903,13,34,3,3,24/02/2015,24/03/2015,04/03/2015,Shipped Early,6,40,0,240,36.71,9.45
1709,10903,65,34,3,3,24/02/2015,24/03/2015,04/03/2015,Shipped Early,21.05,21,0,442.05,36.71,17.41
1710,10903,68,34,3,3,24/02/2015,24/03/2015,04/03/2015,Shipped Early,12.5,20,0,250,36.71,9.85
1711,10904,58,89,3,3,24/02/2015,24/03/2015,27/02/2015,Shipped Early,13.25,15,0,198.75,162.95,16.83
1712,10904,62,89,3,3,24/02/2015,24/03/2015,27/02/2015,Shipped Early,49.3,35,0,1725.5,162.95,146.12
1713,10905,1,88,9,2,24/02/2015,24/03/2015,06/03/2015,Shipped Early,18,20,0.05,342,13.72,13.72
1714,10906,61,91,4,3,25/02/2015,11/03/2015,03/03/2015,Shipped Early,28.5,15,0,427.5,26.29,26.29
1715,10907,75,74,6,3,25/02/2015,25/03/2015,27/02/2015,Shipped Early,7.75,14,0,108.5,9.19,9.19
1716,10908,7,66,4,2,26/02/2015,26/03/2015,06/03/2015,Shipped Early,30,20,0.05,570,32.96,28.33
1717,10908,52,66,4,2,26/02/2015,26/03/2015,06/03/2015,Shipped Early,7,14,0.05,93.1,32.96,4.63
1718,10909,7,70,1,2,26/02/2015,26/03/2015,10/03/2015,Shipped Early,30,12,0,360,53.05,28.5
1719,10909,16,70,1,2,26/02/2015,26/03/2015,10/03/2015,Shipped Early,17.45,15,0,261.75,53.05,20.73
1720,10909,41,70,1,2,26/02/2015,26/03/2015,10/03/2015,Shipped Early,9.65,5,0,48.25,53.05,3.82
1721,10910,19,90,1,3,26/02/2015,26/03/2015,04/03/2015,Shipped Early,9.2,12,0,110.4,38.11,9.29
1722,10910,49,90,1,3,26/02/2015,26/03/2015,04/03/2015,Shipped Early,20,10,0,200,38.11,16.83
1723,10910,61,90,1,3,26/02/2015,26/03/2015,04/03/2015,Shipped Early,28.5,5,0,142.5,38.11,11.99
1724,10911,1,30,3,1,26/02/2015,26/03/2015,05/03/2015,Shipped Early,18,10,0,180,38.19,8.01
1725,10911,17,30,3,1,26/02/2015,26/03/2015,05/03/2015,Shipped Early,39,12,0,468,38.19,20.83
1726,10911,67,30,3,1,26/02/2015,26/03/2015,05/03/2015,Shipped Early,14,15,0,210,38.19,9.35
1727,10912,11,37,2,2,26/02/2015,26/03/2015,18/03/2015,Shipped Early,21,40,0.25,630,580.91,59.02
1728,10912,29,37,2,2,26/02/2015,26/03/2015,18/03/2015,Shipped Early,123.79,60,0.25,5570.55,580.91,521.89
1729,10913,4,62,4,1,26/02/2015,26/03/2015,04/03/2015,Shipped Early,22,30,0.25,495,33.05,21.28
1730,10913,33,62,4,1,26/02/2015,26/03/2015,04/03/2015,Shipped Early,2.5,40,0.25,75,33.05,3.22
1731,10913,58,62,4,1,26/02/2015,26/03/2015,04/03/2015,Shipped Early,13.25,15,0,198.75,33.05,8.54
1732,10914,71,62,6,1,27/02/2015,27/03/2015,02/03/2015,Shipped Early,21.5,25,0,537.5,21.19,21.19
1733,10915,17,80,2,2,27/02/2015,27/03/2015,02/03/2015,Shipped Early,39,10,0,390,3.51,2.54
1734,10915,33,80,2,2,27/02/2015,27/03/2015,02/03/2015,Shipped Early,2.5,30,0,75,3.51,0.49
1735,10915,54,80,2,2,27/02/2015,27/03/2015,02/03/2015,Shipped Early,7.45,10,0,74.5,3.51,0.48
1736,10916,16,64,1,2,27/02/2015,27/03/2015,09/03/2015,Shipped Early,17.45,6,0,104.7,63.77,9.72
1737,10916,32,64,1,2,27/02/2015,27/03/2015,09/03/2015,Shipped Early,32,6,0,192,63.77,17.83
1738,10916,57,64,1,2,27/02/2015,27/03/2015,09/03/2015,Shipped Early,19.5,20,0,390,63.77,36.22
1739,10917,30,69,4,2,02/03/2015,30/03/2015,11/03/2015,Shipped Early,25.89,1,0,25.89,8.29,0.59
1740,10917,60,69,4,2,02/03/2015,30/03/2015,11/03/2015,Shipped Early,34,10,0,340,8.29,7.7
1741,10918,1,10,3,3,02/03/2015,30/03/2015,11/03/2015,Shipped Early,18,60,0.25,810,48.83,27.32
1742,10918,60,10,3,3,02/03/2015,30/03/2015,11/03/2015,Shipped Early,34,25,0.25,637.5,48.83,21.51
1743,10919,16,47,2,2,02/03/2015,30/03/2015,04/03/2015,Shipped Early,17.45,24,0,418.8,19.8,7.39
1744,10919,25,47,2,2,02/03/2015,30/03/2015,04/03/2015,Shipped Early,14,24,0,336,19.8,5.93
1745,10919,40,47,2,2,02/03/2015,30/03/2015,04/03/2015,Shipped Early,18.4,20,0,368,19.8,6.49
1746,10920,50,4,4,2,03/03/2015,31/03/2015,09/03/2015,Shipped Early,16.25,24,0,390,29.61,29.61
1747,10921,35,83,1,1,03/03/2015,14/04/2015,09/03/2015,Shipped Early,18,10,0,180,176.48,16.41
1748,10921,63,83,1,1,03/03/2015,14/04/2015,09/03/2015,Shipped Early,43.9,40,0,1756,176.48,160.07
1749,10922,17,34,5,3,03/03/2015,31/03/2015,05/03/2015,Shipped Early,39,15,0,585,62.74,49.43
1750,10922,24,34,5,3,03/03/2015,31/03/2015,05/03/2015,Shipped Early,4.5,35,0,157.5,62.74,13.31
1751,10923,42,41,7,3,03/03/2015,14/04/2015,13/03/2015,Shipped Early,14,10,0.2,112,68.26,10.21
1752,10923,43,41,7,3,03/03/2015,14/04/2015,13/03/2015,Shipped Early,46,10,0.2,368,68.26,33.55
1753,10923,67,41,7,3,03/03/2015,14/04/2015,13/03/2015,Shipped Early,14,24,0.2,268.8,68.26,24.5
1754,10924,10,5,3,2,04/03/2015,01/04/2015,08/04/2015,Shipping Delayed,31,20,0.1,558,151.52,46.06
1755,10924,28,5,3,2,04/03/2015,01/04/2015,08/04/2015,Shipping Delayed,45.6,30,0.1,1231.2,151.52,101.62
1756,10924,75,5,3,2,04/03/2015,01/04/2015,08/04/2015,Shipping Delayed,7.75,6,0,46.5,151.52,3.84
1757,10925,36,34,3,1,04/03/2015,01/04/2015,13/03/2015,Shipped Early,19,25,0.15,403.75,2.27,1.93
1758,10925,52,34,3,1,04/03/2015,01/04/2015,13/03/2015,Shipped Early,7,12,0.15,71.4,2.27,0.34
1759,10926,11,2,4,3,04/03/2015,01/04/2015,11/03/2015,Shipped Early,21,2,0,42,39.92,3.26
1760,10926,13,2,4,3,04/03/2015,01/04/2015,11/03/2015,Shipped Early,6,10,0,60,39.92,4.66
1761,10926,19,2,4,3,04/03/2015,01/04/2015,11/03/2015,Shipped Early,9.2,7,0,64.4,39.92,5
1762,10926,72,2,4,3,04/03/2015,01/04/2015,11/03/2015,Shipped Early,34.8,10,0,348,39.92,27.01
1763,10927,20,40,4,1,05/03/2015,02/04/2015,08/04/2015,Shipping Delayed,81,5,0,405,19.79,10.02
1764,10927,52,40,4,1,05/03/2015,02/04/2015,08/04/2015,Shipping Delayed,7,5,0,35,19.79,0.87
1765,10927,76,40,4,1,05/03/2015,02/04/2015,08/04/2015,Shipping Delayed,18,20,0,360,19.79,8.91
1766,10928,47,29,1,1,05/03/2015,02/04/2015,18/03/2015,Shipped Early,9.5,5,0,47.5,1.36,0.47
1767,10928,76,29,1,1,05/03/2015,02/04/2015,18/03/2015,Shipped Early,18,5,0,90,1.36,0.89
1768,10929,21,25,6,1,05/03/2015,02/04/2015,12/03/2015,Shipped Early,10,60,0,600,33.93,17.33
1769,10929,75,25,6,1,05/03/2015,02/04/2015,12/03/2015,Shipped Early,7.75,49,0,379.75,33.93,10.97
1770,10929,77,25,6,1,05/03/2015,02/04/2015,12/03/2015,Shipped Early,13,15,0,195,33.93,5.63
1771,10930,21,76,4,3,06/03/2015,17/04/2015,18/03/2015,Shipped Early,10,36,0,360,15.55,2.48
1772,10930,27,76,4,3,06/03/2015,17/04/2015,18/03/2015,Shipped Early,43.9,25,0,1097.5,15.55,7.57
1773,10930,55,76,4,3,06/03/2015,17/04/2015,18/03/2015,Shipped Early,24,25,0.2,480,15.55,3.31
1774,10930,58,76,4,3,06/03/2015,17/04/2015,18/03/2015,Shipped Early,13.25,30,0.2,318,15.55,2.19
1775,10931,13,68,4,2,06/03/2015,20/03/2015,19/03/2015,Shipped Early,6,42,0.15,214.2,13.6,3.65
1776,10931,57,68,4,2,06/03/2015,20/03/2015,19/03/2015,Shipped Early,19.5,30,0,585,13.6,9.95
1777,10932,16,9,8,1,06/03/2015,03/04/2015,24/03/2015,Shipped Early,17.45,30,0.1,471.15,134.64,35.47
1778,10932,62,9,8,1,06/03/2015,03/04/2015,24/03/2015,Shipped Early,49.3,14,0.1,621.18,134.64,46.76
1779,10932,72,9,8,1,06/03/2015,03/04/2015,24/03/2015,Shipped Early,34.8,16,0,556.8,134.64,41.91
1780,10932,75,9,8,1,06/03/2015,03/04/2015,24/03/2015,Shipped Early,7.75,20,0.1,139.5,134.64,10.5
1781,10933,53,38,6,3,06/03/2015,03/04/2015,16/03/2015,Shipped Early,32.8,2,0,65.6,54.15,3.86
1782,10933,61,38,6,3,06/03/2015,03/04/2015,16/03/2015,Shipped Early,28.5,30,0,855,54.15,50.29
1783,10934,6,44,3,3,09/03/2015,06/04/2015,12/03/2015,Shipped Early,25,20,0,500,32.01,32.01
1784,10935,1,88,4,3,09/03/2015,06/04/2015,18/03/2015,Shipped Early,18,21,0,378,47.59,29.04
1785,10935,18,88,4,3,09/03/2015,06/04/2015,18/03/2015,Shipped Early,62.5,4,0.25,187.5,47.59,14.4
1786,10935,23,88,4,3,09/03/2015,06/04/2015,18/03/2015,Shipped Early,9,8,0.25,54,47.59,4.15
1787,10936,36,32,3,2,09/03/2015,06/04/2015,18/03/2015,Shipped Early,19,30,0.2,456,33.68,33.68
1788,10937,28,12,7,3,10/03/2015,24/03/2015,13/03/2015,Shipped Early,45.6,8,0,364.8,31.51,17.83
1789,10937,34,12,7,3,10/03/2015,24/03/2015,13/03/2015,Shipped Early,14,20,0,280,31.51,13.68
1790,10938,13,63,3,2,10/03/2015,07/04/2015,16/03/2015,Shipped Early,6,20,0.25,90,31.89,1.05
1791,10938,43,63,3,2,10/03/2015,07/04/2015,16/03/2015,Shipped Early,46,24,0.25,828,31.89,9.67
1792,10938,60,63,3,2,10/03/2015,07/04/2015,16/03/2015,Shipped Early,34,49,0.25,1249.5,31.89,14.59
1793,10938,71,63,3,2,10/03/2015,07/04/2015,16/03/2015,Shipped Early,21.5,35,0.25,564.38,31.89,6.59
1794,10939,2,49,2,2,10/03/2015,07/04/2015,13/03/2015,Shipped Early,19,10,0.15,161.5,76.33,19.34
1795,10939,67,49,2,2,10/03/2015,07/04/2015,13/03/2015,Shipped Early,14,40,0.15,476,76.33,56.99
1796,10940,7,9,8,3,11/03/2015,08/04/2015,23/03/2015,Shipped Early,30,8,0,240,19.77,13.18
1797,10940,13,9,8,3,11/03/2015,08/04/2015,23/03/2015,Shipped Early,6,20,0,120,19.77,6.59
1798,10941,31,71,7,2,11/03/2015,08/04/2015,20/03/2015,Shipped Early,12.5,44,0.25,412.5,400.81,41.21
1799,10941,62,71,7,2,11/03/2015,08/04/2015,20/03/2015,Shipped Early,49.3,30,0.25,1109.25,400.81,110.82
1800,10941,68,71,7,2,11/03/2015,08/04/2015,20/03/2015,Shipped Early,12.5,80,0.25,750,400.81,74.93
1801,10941,72,71,7,2,11/03/2015,08/04/2015,20/03/2015,Shipped Early,34.8,50,0,1740,400.81,173.84
1802,10942,49,66,9,3,11/03/2015,08/04/2015,18/03/2015,Shipped Early,20,28,0,560,17.95,17.95
1803,10943,13,11,4,2,11/03/2015,08/04/2015,19/03/2015,Shipped Early,6,15,0,90,2.17,0.27
1804,10943,22,11,4,2,11/03/2015,08/04/2015,19/03/2015,Shipped Early,21,21,0,441,2.17,1.35
1805,10943,46,11,4,2,11/03/2015,08/04/2015,19/03/2015,Shipped Early,12,15,0,180,2.17,0.55
1806,10944,11,10,6,3,12/03/2015,26/03/2015,13/03/2015,Shipped Early,21,5,0.25,78.75,52.92,4.06
1807,10944,44,10,6,3,12/03/2015,26/03/2015,13/03/2015,Shipped Early,19.45,18,0.25,262.58,52.92,13.55
1808,10944,56,10,6,3,12/03/2015,26/03/2015,13/03/2015,Shipped Early,38,18,0,684,52.92,35.3
1809,10945,13,52,4,1,12/03/2015,09/04/2015,18/03/2015,Shipped Early,6,20,0,120,10.22,5.01
1810,10945,31,52,4,1,12/03/2015,09/04/2015,18/03/2015,Shipped Early,12.5,10,0,125,10.22,5.21
1811,10946,10,83,1,2,12/03/2015,09/04/2015,19/03/2015,Shipped Early,31,25,0,775,27.2,14.98
1812,10946,24,83,1,2,12/03/2015,09/04/2015,19/03/2015,Shipped Early,4.5,25,0,112.5,27.2,2.17
1813,10946,77,83,1,2,12/03/2015,09/04/2015,19/03/2015,Shipped Early,13,40,0,520,27.2,10.05
1814,10947,59,11,3,2,13/03/2015,10/04/2015,16/03/2015,Shipped Early,55,4,0,220,3.26,3.26
1815,10948,50,30,3,3,13/03/2015,10/04/2015,19/03/2015,Shipped Early,16.25,9,0,146.25,23.39,1.45
1816,10948,51,30,3,3,13/03/2015,10/04/2015,19/03/2015,Shipped Early,53,40,0,2120,23.39,20.99
1817,10948,55,30,3,3,13/03/2015,10/04/2015,19/03/2015,Shipped Early,24,4,0,96,23.39,0.95
1818,10949,6,10,2,3,13/03/2015,10/04/2015,17/03/2015,Shipped Early,25,12,0,300,74.44,5.05
1819,10949,10,10,2,3,13/03/2015,10/04/2015,17/03/2015,Shipped Early,31,30,0,930,74.44,15.66
1820,10949,17,10,2,3,13/03/2015,10/04/2015,17/03/2015,Shipped Early,39,6,0,234,74.44,3.94
1821,10949,62,10,2,3,13/03/2015,10/04/2015,17/03/2015,Shipped Early,49.3,60,0,2958,74.44,49.8
1822,10950,4,49,1,2,16/03/2015,13/04/2015,23/03/2015,Shipped Early,22,5,0,110,2.5,2.5
1823,10951,33,68,9,2,16/03/2015,27/04/2015,07/04/2015,Shipped Early,2.5,15,0.05,35.63,30.85,2.4
1824,10951,41,68,9,2,16/03/2015,27/04/2015,07/04/2015,Shipped Early,9.65,6,0.05,55.01,30.85,3.7
1825,10951,75,68,9,2,16/03/2015,27/04/2015,07/04/2015,Shipped Early,7.75,50,0.05,368.13,30.85,24.75
1826,10952,6,1,1,1,16/03/2015,27/04/2015,24/03/2015,Shipped Early,25,16,0.05,380,40.42,32.6
1827,10952,28,1,1,1,16/03/2015,27/04/2015,24/03/2015,Shipped Early,45.6,2,0,91.2,40.42,7.82
1828,10953,20,4,9,2,16/03/2015,30/03/2015,25/03/2015,Shipped Early,81,50,0.05,3847.5,23.72,20.55
1829,10953,31,4,9,2,16/03/2015,30/03/2015,25/03/2015,Shipped Early,12.5,50,0.05,593.75,23.72,3.17
1830,10954,16,47,5,1,17/03/2015,28/04/2015,20/03/2015,Shipped Early,17.45,28,0.15,415.31,27.91,6.98
1831,10954,31,47,5,1,17/03/2015,28/04/2015,20/03/2015,Shipped Early,12.5,25,0.15,265.63,27.91,4.47
1832,10954,45,47,5,1,17/03/2015,28/04/2015,20/03/2015,Shipped Early,9.5,30,0,285,27.91,4.79
1833,10954,60,47,5,1,17/03/2015,28/04/2015,20/03/2015,Shipped Early,34,24,0.15,693.6,27.91,11.66
1834,10955,75,24,8,2,17/03/2015,14/04/2015,20/03/2015,Shipped Early,7.75,12,0.2,74.4,3.26,3.26
1835,10956,21,6,6,2,17/03/2015,28/04/2015,20/03/2015,Shipped Early,10,12,0,120,44.65,7.91
1836,10956,47,6,6,2,17/03/2015,28/04/2015,20/03/2015,Shipped Early,9.5,14,0,133,44.65,8.77
1837,10956,51,6,6,2,17/03/2015,28/04/2015,20/03/2015,Shipped Early,53,8,0,424,44.65,27.96
1838,10957,30,35,8,3,18/03/2015,15/04/2015,27/03/2015,Shipped Early,25.89,30,0,776.7,105.36,46.42
1839,10957,35,35,8,3,18/03/2015,15/04/2015,27/03/2015,Shipped Early,18,40,0,720,105.36,43.04
1840,10957,64,35,8,3,18/03/2015,15/04/2015,27/03/2015,Shipped Early,33.25,8,0,266,105.36,15.9
1841,10958,5,54,7,2,18/03/2015,15/04/2015,27/03/2015,Shipped Early,21.35,20,0,427,49.56,27.1
1842,10958,7,54,7,2,18/03/2015,15/04/2015,27/03/2015,Shipped Early,30,6,0,180,49.56,11.42
1843,10958,72,54,7,2,18/03/2015,15/04/2015,27/03/2015,Shipped Early,34.8,5,0,174,49.56,11.04
1844,10959,75,31,6,2,18/03/2015,29/04/2015,23/03/2015,Shipped Early,7.75,20,0.15,131.75,4.98,4.98
1845,10960,24,35,3,1,19/03/2015,02/04/2015,08/04/2015,Shipping Delayed,4.5,10,0.25,33.75,2.08,0.26
1846,10960,41,35,3,1,19/03/2015,02/04/2015,08/04/2015,Shipping Delayed,9.65,24,0,231.6,2.08,1.82
1847,10961,52,62,8,1,19/03/2015,16/04/2015,30/03/2015,Shipped Early,7,6,0.05,39.9,104.47,3.72
1848,10961,76,62,8,1,19/03/2015,16/04/2015,30/03/2015,Shipped Early,18,60,0,1080,104.47,100.75
1849,10962,7,63,8,2,19/03/2015,16/04/2015,23/03/2015,Shipped Early,30,45,0,1350,275.79,103.88
1850,10962,13,63,8,2,19/03/2015,16/04/2015,23/03/2015,Shipped Early,6,77,0,462,275.79,35.55
1851,10962,53,63,8,2,19/03/2015,16/04/2015,23/03/2015,Shipped Early,32.8,20,0,656,275.79,50.48
1852,10962,69,63,8,2,19/03/2015,16/04/2015,23/03/2015,Shipped Early,36,9,0,324,275.79,24.93
1853,10962,76,63,8,2,19/03/2015,16/04/2015,23/03/2015,Shipped Early,18,44,0,792,275.79,60.94
1854,10963,60,28,9,3,19/03/2015,16/04/2015,26/03/2015,Shipped Early,34,2,0.15,57.8,2.7,2.7
1855,10964,18,74,3,2,20/03/2015,17/04/2015,24/03/2015,Shipped Early,62.5,6,0,375,87.38,15.96
1856,10964,38,74,3,2,20/03/2015,17/04/2015,24/03/2015,Shipped Early,263.5,5,0,1317.5,87.38,56.09
1857,10964,69,74,3,2,20/03/2015,17/04/2015,24/03/2015,Shipped Early,36,10,0,360,87.38,15.33
1858,10965,51,55,6,3,20/03/2015,17/04/2015,30/03/2015,Shipped Early,53,16,0,848,144.38,144.38
1859,10966,37,14,4,1,20/03/2015,17/04/2015,08/04/2015,Shipped Early,26,8,0,208,27.19,5.15
1860,10966,56,14,4,1,20/03/2015,17/04/2015,08/04/2015,Shipped Early,38,12,0.15,387.6,27.19,9.59
1861,10966,62,14,4,1,20/03/2015,17/04/2015,08/04/2015,Shipped Early,49.3,12,0.15,502.86,27.19,12.45
1862,10967,19,79,2,2,23/03/2015,20/04/2015,02/04/2015,Shipped Early,9.2,12,0,110.4,62.22,7.55
1863,10967,49,79,2,2,23/03/2015,20/04/2015,02/04/2015,Shipped Early,20,40,0,800,62.22,54.67
1864,10968,12,20,1,3,23/03/2015,20/04/2015,01/04/2015,Shipped Early,38,30,0,1140,74.6,60.4
1865,10968,24,20,1,3,23/03/2015,20/04/2015,01/04/2015,Shipped Early,4.5,30,0,135,74.6,7.15
1866,10968,64,20,1,3,23/03/2015,20/04/2015,01/04/2015,Shipped Early,33.25,4,0,133,74.6,7.05
1867,10969,46,15,1,2,23/03/2015,20/04/2015,30/03/2015,Shipped Early,12,9,0,108,0.21,0.21
1868,10970,52,8,9,1,24/03/2015,07/04/2015,24/04/2015,Shipping Delayed,7,40,0.2,224,16.16,16.16
1869,10971,29,26,2,2,24/03/2015,21/04/2015,02/04/2015,Shipped Early,123.79,14,0,1733.06,121.82,121.82
1870,10972,17,40,4,2,24/03/2015,21/04/2015,26/03/2015,Shipped Early,39,6,0,234,0.02,0.02
1871,10972,33,40,4,2,24/03/2015,21/04/2015,26/03/2015,Shipped Early,2.5,7,0,17.5,0.02,0
1872,10973,26,40,6,2,24/03/2015,21/04/2015,27/03/2015,Shipped Early,31.23,5,0,156.15,15.17,8.12
1873,10973,41,40,6,2,24/03/2015,21/04/2015,27/03/2015,Shipped Early,9.65,6,0,57.9,15.17,3.01
1874,10973,75,40,6,2,24/03/2015,21/04/2015,27/03/2015,Shipped Early,7.75,10,0,77.5,15.17,4.03
1875,10974,63,75,3,3,25/03/2015,08/04/2015,03/04/2015,Shipped Early,43.9,10,0,439,12.96,12.96
1876,10975,8,10,1,3,25/03/2015,22/04/2015,27/03/2015,Shipped Early,40,16,0,640,32.27,28.78
1877,10975,75,10,1,3,25/03/2015,22/04/2015,27/03/2015,Shipped Early,7.75,10,0,77.5,32.27,3.49
1878,10976,28,35,1,1,25/03/2015,06/05/2015,03/04/2015,Shipped Early,45.6,20,0,912,37.97,37.97
1879,10977,39,24,8,3,26/03/2015,23/04/2015,10/04/2015,Shipped Early,18,30,0,540,208.5,50.42
1880,10977,47,24,8,3,26/03/2015,23/04/2015,10/04/2015,Shipped Early,9.5,30,0,285,208.5,26.61
1881,10977,51,24,8,3,26/03/2015,23/04/2015,10/04/2015,Shipped Early,53,10,0,530,208.5,49.49
1882,10977,63,24,8,3,26/03/2015,23/04/2015,10/04/2015,Shipped Early,43.9,20,0,878,208.5,81.98
1883,10978,8,50,9,2,26/03/2015,23/04/2015,23/04/2015,Shipped on Time,40,20,0.15,680,32.82,17.13
1884,10978,21,50,9,2,26/03/2015,23/04/2015,23/04/2015,Shipped on Time,10,40,0.15,340,32.82,8.56
1885,10978,40,50,9,2,26/03/2015,23/04/2015,23/04/2015,Shipped on Time,18.4,10,0,184,32.82,4.63
1886,10978,44,50,9,2,26/03/2015,23/04/2015,23/04/2015,Shipped on Time,19.45,6,0.15,99.2,32.82,2.5
1887,10979,7,20,8,2,26/03/2015,23/04/2015,31/03/2015,Shipped Early,30,18,0,540,353.07,39.61
1888,10979,12,20,8,2,26/03/2015,23/04/2015,31/03/2015,Shipped Early,38,20,0,760,353.07,55.75
1889,10979,24,20,8,2,26/03/2015,23/04/2015,31/03/2015,Shipped Early,4.5,80,0,360,353.07,26.41
1890,10979,27,20,8,2,26/03/2015,23/04/2015,31/03/2015,Shipped Early,43.9,30,0,1317,353.07,96.6
1891,10979,31,20,8,2,26/03/2015,23/04/2015,31/03/2015,Shipped Early,12.5,24,0,300,353.07,22
1892,10979,63,20,8,2,26/03/2015,23/04/2015,31/03/2015,Shipped Early,43.9,35,0,1536.5,353.07,112.7
1893,10980,75,24,4,1,27/03/2015,08/05/2015,17/04/2015,Shipped Early,7.75,40,0.2,248,1.26,1.26
1894,10981,38,34,1,2,27/03/2015,24/04/2015,02/04/2015,Shipped Early,263.5,60,0,15810,193.37,193.37
1895,10982,7,10,2,1,27/03/2015,24/04/2015,08/04/2015,Shipped Early,30,20,0,600,14.01,8.29
1896,10982,43,10,2,1,27/03/2015,24/04/2015,08/04/2015,Shipped Early,46,9,0,414,14.01,5.72
1897,10983,13,71,2,2,27/03/2015,24/04/2015,06/04/2015,Shipped Early,6,84,0.15,428.4,657.54,390.75
1898,10983,57,71,2,2,27/03/2015,24/04/2015,06/04/2015,Shipped Early,19.5,15,0,292.5,657.54,266.79
1899,10984,16,71,1,3,30/03/2015,27/04/2015,03/04/2015,Shipped Early,17.45,55,0,959.75,211.22,112.01
1900,10984,24,71,1,3,30/03/2015,27/04/2015,03/04/2015,Shipped Early,4.5,20,0,90,211.22,10.5
1901,10984,36,71,1,3,30/03/2015,27/04/2015,03/04/2015,Shipped Early,19,40,0,760,211.22,88.7
1902,10985,16,37,2,1,30/03/2015,27/04/2015,02/04/2015,Shipped Early,17.45,36,0.1,565.38,91.51,25.57
1903,10985,18,37,2,1,30/03/2015,27/04/2015,02/04/2015,Shipped Early,62.5,8,0.1,450,91.51,20.35
1904,10985,32,37,2,1,30/03/2015,27/04/2015,02/04/2015,Shipped Early,32,35,0.1,1008,91.51,45.59
1905,10986,11,54,8,2,30/03/2015,27/04/2015,21/04/2015,Shipped Early,21,30,0,630,217.86,61.83
1906,10986,20,54,8,2,30/03/2015,27/04/2015,21/04/2015,Shipped Early,81,15,0,1215,217.86,119.23
1907,10986,76,54,8,2,30/03/2015,27/04/2015,21/04/2015,Shipped Early,18,10,0,180,217.86,17.66
1908,10986,77,54,8,2,30/03/2015,27/04/2015,21/04/2015,Shipped Early,13,15,0,195,217.86,19.14
1909,10987,7,19,8,1,31/03/2015,28/04/2015,06/04/2015,Shipped Early,30,60,0,1800,185.48,120.44
1910,10987,43,19,8,1,31/03/2015,28/04/2015,06/04/2015,Shipped Early,46,6,0,276,185.48,18.47
1911,10987,72,19,8,1,31/03/2015,28/04/2015,06/04/2015,Shipped Early,34.8,20,0,696,185.48,46.57
1912,10988,7,65,3,2,31/03/2015,28/04/2015,10/04/2015,Shipped Early,30,60,0,1800,61.14,30.79
1913,10988,62,65,3,2,31/03/2015,28/04/2015,10/04/2015,Shipped Early,49.3,40,0.1,1774.8,61.14,30.35
1914,10989,6,61,2,1,31/03/2015,28/04/2015,02/04/2015,Shipped Early,25,40,0,1000,34.76,25.68
1915,10989,11,61,2,1,31/03/2015,28/04/2015,02/04/2015,Shipped Early,21,15,0,315,34.76,8.09
1916,10989,41,61,2,1,31/03/2015,28/04/2015,02/04/2015,Shipped Early,9.65,4,0,38.6,34.76,0.99
1917,10990,21,20,2,3,01/04/2015,13/05/2015,07/04/2015,Shipped Early,10,65,0,650,117.61,17.82
1918,10990,34,20,2,3,01/04/2015,13/05/2015,07/04/2015,Shipped Early,14,60,0.15,714,117.61,19.58
1919,10990,55,20,2,3,01/04/2015,13/05/2015,07/04/2015,Shipped Early,24,65,0.15,1326,117.61,36.36
1920,10990,61,20,2,3,01/04/2015,13/05/2015,07/04/2015,Shipped Early,28.5,66,0.15,1598.85,117.61,43.84
1921,10991,2,63,1,1,01/04/2015,29/04/2015,07/04/2015,Shipped Early,19,50,0.2,760,38.51,12.75
1922,10991,70,63,1,1,01/04/2015,29/04/2015,07/04/2015,Shipped Early,15,20,0.2,240,38.51,4.03
1923,10991,76,63,1,1,01/04/2015,29/04/2015,07/04/2015,Shipped Early,18,90,0.2,1296,38.51,21.74
1924,10992,72,77,1,3,01/04/2015,29/04/2015,03/04/2015,Shipped Early,34.8,2,0,69.6,4.27,4.27
1925,10993,29,24,7,3,01/04/2015,29/04/2015,10/04/2015,Shipped Early,123.79,50,0.25,4642.13,8.81,8.35
1926,10993,41,24,7,3,01/04/2015,29/04/2015,10/04/2015,Shipped Early,9.65,35,0.25,253.31,8.81,0.46
1927,10994,59,83,2,3,02/04/2015,16/04/2015,09/04/2015,Shipped Early,55,18,0.05,940.5,65.53,65.53
1928,10995,51,58,1,3,02/04/2015,30/04/2015,06/04/2015,Shipped Early,53,20,0,1060,46,40.77
1929,10995,60,58,1,3,02/04/2015,30/04/2015,06/04/2015,Shipped Early,34,4,0,136,46,5.23
1930,10996,42,63,4,2,02/04/2015,30/04/2015,10/04/2015,Shipped Early,14,40,0,560,1.12,1.12
1931,10997,32,46,8,2,03/04/2015,15/05/2015,13/04/2015,Shipped Early,32,50,0,1600,73.91,62.74
1932,10997,46,46,8,2,03/04/2015,15/05/2015,13/04/2015,Shipped Early,12,20,0.25,180,73.91,7.06
1933,10997,52,46,8,2,03/04/2015,15/05/2015,13/04/2015,Shipped Early,7,20,0.25,105,73.91,4.12
1934,10998,24,91,8,2,03/04/2015,17/04/2015,17/04/2015,Shipped on Time,4.5,12,0,54,20.31,1.6
1935,10998,61,91,8,2,03/04/2015,17/04/2015,17/04/2015,Shipped on Time,28.5,7,0,199.5,20.31,5.91
1936,10998,74,91,8,2,03/04/2015,17/04/2015,17/04/2015,Shipped on Time,10,20,0,200,20.31,5.92
1937,10998,75,91,8,2,03/04/2015,17/04/2015,17/04/2015,Shipped on Time,7.75,30,0,232.5,20.31,6.88
1938,10999,41,56,6,2,03/04/2015,01/05/2015,10/04/2015,Shipped Early,9.65,20,0.05,183.35,96.35,14.75
1939,10999,51,56,6,2,03/04/2015,01/05/2015,10/04/2015,Shipped Early,53,15,0.05,755.25,96.35,60.74
1940,10999,77,56,6,2,03/04/2015,01/05/2015,10/04/2015,Shipped Early,13,21,0.05,259.35,96.35,20.86
1941,11000,4,65,2,3,06/04/2015,04/05/2015,14/04/2015,Shipped Early,22,25,0.25,412.5,55.12,25.16
1942,11000,24,65,2,3,06/04/2015,04/05/2015,14/04/2015,Shipped Early,4.5,30,0.25,101.25,55.12,6.18
1943,11000,77,65,2,3,06/04/2015,04/05/2015,14/04/2015,Shipped Early,13,30,0,390,55.12,23.79
1944,11001,7,24,2,2,06/04/2015,04/05/2015,14/04/2015,Shipped Early,30,60,0,1800,197.3,128.26
1945,11001,22,24,2,2,06/04/2015,04/05/2015,14/04/2015,Shipped Early,21,25,0,525,197.3,37.41
1946,11001,46,24,2,2,06/04/2015,04/05/2015,14/04/2015,Shipped Early,12,25,0,300,197.3,21.38
1947,11001,55,24,2,2,06/04/2015,04/05/2015,14/04/2015,Shipped Early,24,6,0,144,197.3,10.26
1948,11002,13,71,4,1,06/04/2015,04/05/2015,16/04/2015,Shipped Early,6,56,0,336,141.16,26.19
1949,11002,35,71,4,1,06/04/2015,04/05/2015,16/04/2015,Shipped Early,18,15,0.15,229.5,141.16,17.89
1950,11002,42,71,4,1,06/04/2015,04/05/2015,16/04/2015,Shipped Early,14,24,0.15,285.6,141.16,22.26
1951,11002,55,71,4,1,06/04/2015,04/05/2015,16/04/2015,Shipped Early,24,40,0,960,141.16,74.82
1952,11003,1,78,3,3,06/04/2015,04/05/2015,08/04/2015,Shipped Early,18,4,0,72,14.91,3.29
1953,11003,40,78,3,3,06/04/2015,04/05/2015,08/04/2015,Shipped Early,18.4,10,0,184,14.91,8.42
1954,11003,52,78,3,3,06/04/2015,04/05/2015,08/04/2015,Shipped Early,7,10,0,70,14.91,3.2
1955,11004,26,50,3,1,07/04/2015,05/05/2015,20/04/2015,Shipped Early,31.23,6,0,187.38,44.84,28.45
1956,11004,76,50,3,1,07/04/2015,05/05/2015,20/04/2015,Shipped Early,18,6,0,108,44.84,16.39
1957,11005,1,90,2,1,07/04/2015,05/05/2015,10/04/2015,Shipped Early,18,2,0,36,0.75,0.05
1958,11005,59,90,2,1,07/04/2015,05/05/2015,10/04/2015,Shipped Early,55,10,0,550,0.75,0.7
1959,11006,1,32,3,2,07/04/2015,05/05/2015,15/04/2015,Shipped Early,18,8,0,144,25.19,11
1960,11006,29,32,3,2,07/04/2015,05/05/2015,15/04/2015,Shipped Early,123.79,2,0.25,185.69,25.19,14.19
1961,11007,8,60,8,2,08/04/2015,06/05/2015,13/04/2015,Shipped Early,40,30,0,1200,202.24,92.14
1962,11007,29,60,8,2,08/04/2015,06/05/2015,13/04/2015,Shipped Early,123.79,10,0,1237.9,202.24,95.05
1963,11007,42,60,8,2,08/04/2015,06/05/2015,13/04/2015,Shipped Early,14,14,0,196,202.24,15.05
1964,11008,28,20,7,3,08/04/2015,06/05/2015,,N/A,45.6,70,0.05,3032.4,79.46,51.48
1965,11008,34,20,7,3,08/04/2015,06/05/2015,,N/A,14,90,0.05,1197,79.46,20.32
1966,11008,71,20,7,3,08/04/2015,06/05/2015,,N/A,21.5,21,0,451.5,79.46,7.66
1967,11009,24,30,2,1,08/04/2015,06/05/2015,10/04/2015,Shipped Early,4.5,12,0,54,59.11,5.18
1968,11009,36,30,2,1,08/04/2015,06/05/2015,10/04/2015,Shipped Early,19,18,0.25,256.5,59.11,24.59
1969,11009,60,30,2,1,08/04/2015,06/05/2015,10/04/2015,Shipped Early,34,9,0,306,59.11,29.34
1970,11010,7,66,2,2,09/04/2015,07/05/2015,21/04/2015,Shipped Early,30,20,0,600,28.71,26.71
1971,11010,24,66,2,2,09/04/2015,07/05/2015,21/04/2015,Shipped Early,4.5,10,0,45,28.71,2
1972,11011,58,1,3,1,09/04/2015,07/05/2015,13/04/2015,Shipped Early,13.25,40,0.05,503.5,1.21,0.65
1973,11011,71,1,3,1,09/04/2015,07/05/2015,13/04/2015,Shipped Early,21.5,20,0,430,1.21,0.56
1974,11012,19,25,1,3,09/04/2015,23/04/2015,17/04/2015,Shipped Early,9.2,50,0.05,437,242.95,37.58
1975,11012,60,25,1,3,09/04/2015,23/04/2015,17/04/2015,Shipped Early,34,36,0.05,1162.8,242.95,99.99
1976,11012,71,25,1,3,09/04/2015,23/04/2015,17/04/2015,Shipped Early,21.5,60,0.05,1225.5,242.95,105.38
1977,11013,23,69,2,1,09/04/2015,07/05/2015,10/04/2015,Shipped Early,9,10,0,90,32.99,8.22
1978,11013,42,69,2,1,09/04/2015,07/05/2015,10/04/2015,Shipped Early,14,4,0,56,32.99,5.12
1979,11013,45,69,2,1,09/04/2015,07/05/2015,10/04/2015,Shipped Early,9.5,20,0,190,32.99,17.36
1980,11013,68,69,2,1,09/04/2015,07/05/2015,10/04/2015,Shipped Early,12.5,2,0,25,32.99,2.28
1981,11014,41,47,2,3,10/04/2015,08/05/2015,15/04/2015,Shipped Early,9.65,28,0.1,243.18,23.6,23.6
1982,11015,30,70,2,2,10/04/2015,24/04/2015,20/04/2015,Shipped Early,25.89,15,0,388.35,4.62,2.88
1983,11015,77,70,2,2,10/04/2015,24/04/2015,20/04/2015,Shipped Early,13,18,0,234,4.62,1.74
1984,11016,31,4,9,2,10/04/2015,08/05/2015,13/04/2015,Shipped Early,12.5,15,0,187.5,33.8,12.89
1985,11016,36,4,9,2,10/04/2015,08/05/2015,13/04/2015,Shipped Early,19,16,0,304,33.8,20.91
1986,11017,3,20,9,2,13/04/2015,11/05/2015,20/04/2015,Shipped Early,10,25,0,250,754.26,27.94
1987,11017,59,20,9,2,13/04/2015,11/05/2015,20/04/2015,Shipped Early,55,110,0,6050,754.26,676.04
1988,11017,70,20,9,2,13/04/2015,11/05/2015,20/04/2015,Shipped Early,15,30,0,450,754.26,50.28
1989,11018,12,48,4,2,13/04/2015,11/05/2015,16/04/2015,Shipped Early,38,20,0,760,11.65,5.62
1990,11018,18,48,4,2,13/04/2015,11/05/2015,16/04/2015,Shipped Early,62.5,10,0,625,11.65,4.62
1991,11018,56,48,4,2,13/04/2015,11/05/2015,16/04/2015,Shipped Early,38,5,0,190,11.65,1.41
1992,11019,46,64,6,3,13/04/2015,11/05/2015,,N/A,12,3,0,36,3.17,1.5
1993,11019,49,64,6,3,13/04/2015,11/05/2015,,N/A,20,2,0,40,3.17,1.67
1994,11020,10,56,2,2,14/04/2015,12/05/2015,16/04/2015,Shipped Early,31,24,0.15,632.4,43.3,43.3
1995,11021,2,63,3,1,14/04/2015,12/05/2015,21/04/2015,Shipped Early,19,11,0.25,156.75,297.18,7.39
1996,11021,20,63,3,1,14/04/2015,12/05/2015,21/04/2015,Shipped Early,81,15,0,1215,297.18,57.26
1997,11021,26,63,3,1,14/04/2015,12/05/2015,21/04/2015,Shipped Early,31.23,63,0,1967.49,297.18,92.72
1998,11021,51,63,3,1,14/04/2015,12/05/2015,21/04/2015,Shipped Early,53,44,0.25,1749,297.18,82.42
1999,11021,72,63,3,1,14/04/2015,12/05/2015,21/04/2015,Shipped Early,34.8,35,0,1218,297.18,57.4
2000,11022,19,34,9,2,14/04/2015,12/05/2015,04/05/2015,Shipped Early,9.2,35,0,322,6.27,1.44
2001,11022,69,34,9,2,14/04/2015,12/05/2015,04/05/2015,Shipped Early,36,30,0,1080,6.27,4.83
2002,11023,7,11,1,2,14/04/2015,28/04/2015,24/04/2015,Shipped Early,30,4,0,120,123.83,9.91
2003,11023,43,11,1,2,14/04/2015,28/04/2015,24/04/2015,Shipped Early,46,30,0,1380,123.83,113.92
2004,11024,26,19,4,1,15/04/2015,13/05/2015,20/04/2015,Shipped Early,31.23,12,0,374.76,74.36,14.17
2005,11024,33,19,4,1,15/04/2015,13/05/2015,20/04/2015,Shipped Early,2.5,30,0,75,74.36,2.84
2006,11024,65,19,4,1,15/04/2015,13/05/2015,20/04/2015,Shipped Early,21.05,21,0,442.05,74.36,16.71
2007,11024,71,19,4,1,15/04/2015,13/05/2015,20/04/2015,Shipped Early,21.5,50,0,1075,74.36,40.64
2008,11025,1,87,6,3,15/04/2015,13/05/2015,24/04/2015,Shipped Early,18,10,0.1,162,29.17,17.5
2009,11025,13,87,6,3,15/04/2015,13/05/2015,24/04/2015,Shipped Early,6,20,0.1,108,29.17,11.67
2010,11026,18,27,4,1,15/04/2015,13/05/2015,28/04/2015,Shipped Early,62.5,8,0,500,47.09,22.86
2011,11026,51,27,4,1,15/04/2015,13/05/2015,28/04/2015,Shipped Early,53,10,0,530,47.09,24.23
2012,11027,24,10,1,1,16/04/2015,14/05/2015,20/04/2015,Shipped Early,4.5,30,0.25,101.25,52.52,6.06
2013,11027,62,10,1,1,16/04/2015,14/05/2015,20/04/2015,Shipped Early,49.3,21,0.25,776.48,52.52,46.46
2014,11028,55,39,2,1,16/04/2015,14/05/2015,22/04/2015,Shipped Early,24,35,0,840,29.59,11.51
2015,11028,59,39,2,1,16/04/2015,14/05/2015,22/04/2015,Shipped Early,55,24,0,1320,29.59,18.08
2016,11029,56,14,4,1,16/04/2015,14/05/2015,27/04/2015,Shipped Early,38,20,0,760,47.84,28.25
2017,11029,63,14,4,1,16/04/2015,14/05/2015,27/04/2015,Shipped Early,43.9,12,0,526.8,47.84,19.59
2018,11030,2,71,7,2,17/04/2015,15/05/2015,27/04/2015,Shipped Early,19,100,0.25,1425,830.75,93.84
2019,11030,5,71,7,2,17/04/2015,15/05/2015,27/04/2015,Shipped Early,21.35,70,0,1494.5,830.75,98.42
2020,11030,29,71,7,2,17/04/2015,15/05/2015,27/04/2015,Shipped Early,123.79,60,0.25,5570.55,830.75,366.84
2021,11030,59,71,7,2,17/04/2015,15/05/2015,27/04/2015,Shipped Early,55,100,0.25,4125,830.75,271.65
2022,11031,1,71,6,2,17/04/2015,15/05/2015,24/04/2015,Shipped Early,18,45,0,810,227.22,76.9
2023,11031,13,71,6,2,17/04/2015,15/05/2015,24/04/2015,Shipped Early,6,80,0,480,227.22,45.57
2024,11031,24,71,6,2,17/04/2015,15/05/2015,24/04/2015,Shipped Early,4.5,21,0,94.5,227.22,8.97
2025,11031,64,71,6,2,17/04/2015,15/05/2015,24/04/2015,Shipped Early,33.25,20,0,665,227.22,63.13
2026,11031,71,71,6,2,17/04/2015,15/05/2015,24/04/2015,Shipped Early,21.5,16,0,344,227.22,32.66
2027,11032,36,89,2,3,17/04/2015,15/05/2015,23/04/2015,Shipped Early,19,35,0,665,606.19,45.28
2028,11032,38,89,2,3,17/04/2015,15/05/2015,23/04/2015,Shipped Early,263.5,25,0,6587.5,606.19,448.56
2029,11032,59,89,2,3,17/04/2015,15/05/2015,23/04/2015,Shipped Early,55,30,0,1650,606.19,112.35
2030,11033,53,68,7,3,17/04/2015,15/05/2015,23/04/2015,Shipped Early,32.8,70,0.1,2066.4,84.74,54.17
2031,11033,69,68,7,3,17/04/2015,15/05/2015,23/04/2015,Shipped Early,36,36,0.1,1166.4,84.74,30.57
2032,11034,21,55,8,1,20/04/2015,01/06/2015,27/04/2015,Shipped Early,10,15,0.1,135,40.32,10.09
2033,11034,44,55,8,1,20/04/2015,01/06/2015,27/04/2015,Shipped Early,19.45,12,0,233.4,40.32,17.45
2034,11034,61,55,8,1,20/04/2015,01/06/2015,27/04/2015,Shipped Early,28.5,6,0,171,40.32,12.78
2035,11035,1,76,2,2,20/04/2015,18/05/2015,24/04/2015,Shipped Early,18,10,0,180,0.17,0.02
2036,11035,35,76,2,2,20/04/2015,18/05/2015,24/04/2015,Shipped Early,18,60,0,1080,0.17,0.1
2037,11035,42,76,2,2,20/04/2015,18/05/2015,24/04/2015,Shipped Early,14,30,0,420,0.17,0.04
2038,11035,54,76,2,2,20/04/2015,18/05/2015,24/04/2015,Shipped Early,7.45,10,0,74.5,0.17,0.01
2039,11036,13,17,8,3,20/04/2015,18/05/2015,22/04/2015,Shipped Early,6,7,0,42,149.47,3.71
2040,11036,59,17,8,3,20/04/2015,18/05/2015,22/04/2015,Shipped Early,55,30,0,1650,149.47,145.76
2041,11037,70,30,7,1,21/04/2015,19/05/2015,27/04/2015,Shipped Early,15,4,0,60,3.2,3.2
2042,11038,40,76,1,2,21/04/2015,19/05/2015,30/04/2015,Shipped Early,18.4,5,0.2,73.6,29.59,2.97
2043,11038,52,76,1,2,21/04/2015,19/05/2015,30/04/2015,Shipped Early,7,2,0,14,29.59,0.57
2044,11038,71,76,1,2,21/04/2015,19/05/2015,30/04/2015,Shipped Early,21.5,30,0,645,29.59,26.05
2045,11039,28,47,1,2,21/04/2015,19/05/2015,,N/A,45.6,20,0,912,65,19.18
2046,11039,35,47,1,2,21/04/2015,19/05/2015,,N/A,18,24,0,432,65,9.09
2047,11039,49,47,1,2,21/04/2015,19/05/2015,,N/A,20,60,0,1200,65,25.24
2048,11039,57,47,1,2,21/04/2015,19/05/2015,,N/A,19.5,28,0,546,65,11.49
2049,11040,21,32,4,3,22/04/2015,20/05/2015,,N/A,10,20,0,200,18.84,18.84
2050,11041,2,14,3,2,22/04/2015,20/05/2015,28/04/2015,Shipped Early,19,30,0.2,456,48.22,12.4
2051,11041,63,14,3,2,22/04/2015,20/05/2015,28/04/2015,Shipped Early,43.9,30,0,1317,48.22,35.82
2052,11042,44,15,2,1,22/04/2015,06/05/2015,01/05/2015,Shipped Early,19.45,15,0,291.75,29.99,21.56
2053,11042,61,15,2,1,22/04/2015,06/05/2015,01/05/2015,Shipped Early,28.5,4,0,114,29.99,8.43
2054,11043,11,74,5,2,22/04/2015,20/05/2015,29/04/2015,Shipped Early,21,10,0,210,8.8,8.8
2055,11044,62,91,4,1,23/04/2015,21/05/2015,01/05/2015,Shipped Early,49.3,12,0,591.6,8.72,8.72
2056,11045,33,10,6,2,23/04/2015,21/05/2015,,N/A,2.5,15,0,37.5,70.58,2.02
2057,11045,51,10,6,2,23/04/2015,21/05/2015,,N/A,53,24,0,1272,70.58,68.56
2058,11046,12,86,8,2,23/04/2015,21/05/2015,24/04/2015,Shipped Early,38,20,0.05,722,71.64,34.81
2059,11046,32,86,8,2,23/04/2015,21/05/2015,24/04/2015,Shipped Early,32,15,0.05,456,71.64,21.99
2060,11046,35,86,8,2,23/04/2015,21/05/2015,24/04/2015,Shipped Early,18,18,0.05,307.8,71.64,14.84
2061,11047,1,19,7,3,24/04/2015,22/05/2015,01/05/2015,Shipped Early,18,25,0.25,337.5,46.62,19.24
2062,11047,5,19,7,3,24/04/2015,22/05/2015,01/05/2015,Shipped Early,21.35,30,0.25,480.38,46.62,27.38
2063,11048,68,10,7,3,24/04/2015,22/05/2015,30/04/2015,Shipped Early,12.5,42,0,525,24.12,24.12
2064,11049,2,31,3,1,24/04/2015,22/05/2015,04/05/2015,Shipped Early,19,10,0.2,152,8.34,4.63
2065,11049,12,31,3,1,24/04/2015,22/05/2015,04/05/2015,Shipped Early,38,4,0.2,121.6,8.34,3.71
2066,11050,76,24,8,2,27/04/2015,25/05/2015,05/05/2015,Shipped Early,18,50,0.1,810,59.41,59.41
2067,11051,24,41,7,3,27/04/2015,25/05/2015,,N/A,4.5,10,0.2,36,2.79,2.79
2068,11052,43,34,3,1,27/04/2015,25/05/2015,01/05/2015,Shipped Early,46,30,0.2,1104,67.26,55.75
2069,11052,61,34,3,1,27/04/2015,25/05/2015,01/05/2015,Shipped Early,28.5,10,0.2,228,67.26,11.51
2070,11053,18,59,2,2,27/04/2015,25/05/2015,29/04/2015,Shipped Early,62.5,35,0.2,1750,53.05,30.39
2071,11053,32,59,2,2,27/04/2015,25/05/2015,29/04/2015,Shipped Early,32,20,0,640,53.05,11.11
2072,11053,64,59,2,2,27/04/2015,25/05/2015,29/04/2015,Shipped Early,33.25,25,0.2,665,53.05,11.55
2073,11054,33,12,8,1,28/04/2015,26/05/2015,,N/A,2.5,10,0,25,0.33,0.03
2074,11054,67,12,8,1,28/04/2015,26/05/2015,,N/A,14,20,0,280,0.33,0.3
2075,11055,24,35,7,2,28/04/2015,26/05/2015,05/05/2015,Shipped Early,4.5,15,0,67.5,120.92,4.72
2076,11055,25,35,7,2,28/04/2015,26/05/2015,05/05/2015,Shipped Early,14,15,0,210,120.92,14.7
2077,11055,51,35,7,2,28/04/2015,26/05/2015,05/05/2015,Shipped Early,53,20,0,1060,120.92,74.2
2078,11055,57,35,7,2,28/04/2015,26/05/2015,05/05/2015,Shipped Early,19.5,20,0,390,120.92,27.3
2079,11056,7,19,8,2,28/04/2015,12/05/2015,01/05/2015,Shipped Early,30,40,0,1200,278.96,89.51
2080,11056,55,19,8,2,28/04/2015,12/05/2015,01/05/2015,Shipped Early,24,35,0,840,278.96,62.65
2081,11056,60,19,8,2,28/04/2015,12/05/2015,01/05/2015,Shipped Early,34,50,0,1700,278.96,126.8
2082,11057,70,53,3,3,29/04/2015,27/05/2015,01/05/2015,Shipped Early,15,3,0,45,4.13,4.13
2083,11058,21,6,9,3,29/04/2015,27/05/2015,,N/A,10,3,0,30,31.14,1.09
2084,11058,60,6,9,3,29/04/2015,27/05/2015,,N/A,34,21,0,714,31.14,25.91
2085,11058,61,6,9,3,29/04/2015,27/05/2015,,N/A,28.5,4,0,114,31.14,4.14
2086,11059,13,67,2,2,29/04/2015,10/06/2015,,N/A,6,30,0,180,85.8,8.4
2087,11059,17,67,2,2,29/04/2015,10/06/2015,,N/A,39,12,0,468,85.8,21.85
2088,11059,60,67,2,2,29/04/2015,10/06/2015,,N/A,34,35,0,1190,85.8,55.55
2089,11060,60,27,2,2,30/04/2015,28/05/2015,04/05/2015,Shipped Early,34,4,0,136,10.98,5.61
2090,11060,77,27,2,2,30/04/2015,28/05/2015,04/05/2015,Shipped Early,13,10,0,130,10.98,5.37
2091,11061,60,32,4,3,30/04/2015,11/06/2015,,N/A,34,15,0,510,14.01,14.01
2092,11062,53,66,4,2,30/04/2015,28/05/2015,,N/A,32.8,10,0.2,262.4,29.93,19.32
2093,11062,70,66,4,2,30/04/2015,28/05/2015,,N/A,15,12,0.2,144,29.93,10.61
2094,11063,34,37,3,2,30/04/2015,28/05/2015,06/05/2015,Shipped Early,14,30,0,420,81.73,25.56
2095,11063,40,37,3,2,30/04/2015,28/05/2015,06/05/2015,Shipped Early,18.4,40,0.1,662.4,81.73,40.31
2096,11063,41,37,3,2,30/04/2015,28/05/2015,06/05/2015,Shipped Early,9.65,30,0.1,260.55,81.73,15.86
2097,11064,17,71,1,1,01/05/2015,29/05/2015,04/05/2015,Shipped Early,39,77,0.1,2702.7,30.09,18.78
2098,11064,41,71,1,1,01/05/2015,29/05/2015,04/05/2015,Shipped Early,9.65,12,0,115.8,30.09,0.8
2099,11064,53,71,1,1,01/05/2015,29/05/2015,04/05/2015,Shipped Early,32.8,25,0.1,738,30.09,5.13
2100,11064,55,71,1,1,01/05/2015,29/05/2015,04/05/2015,Shipped Early,24,4,0.1,86.4,30.09,0.6
2101,11064,68,71,1,1,01/05/2015,29/05/2015,04/05/2015,Shipped Early,12.5,55,0,687.5,30.09,4.78
2102,11065,30,46,8,1,01/05/2015,29/05/2015,,N/A,25.89,4,0.25,77.67,12.91,5.29
2103,11065,54,46,8,1,01/05/2015,29/05/2015,,N/A,7.45,20,0.25,111.75,12.91,7.62
2104,11066,16,89,7,2,01/05/2015,29/05/2015,04/05/2015,Shipped Early,17.45,3,0,52.35,44.72,2.52
2105,11066,19,89,7,2,01/05/2015,29/05/2015,04/05/2015,Shipped Early,9.2,42,0,386.4,44.72,18.61
2106,11066,34,89,7,2,01/05/2015,29/05/2015,04/05/2015,Shipped Early,14,35,0,490,44.72,23.59
2107,11067,41,17,1,2,04/05/2015,18/05/2015,06/05/2015,Shipped Early,9.65,9,0,86.85,7.98,7.98
2108,11068,28,62,8,2,04/05/2015,01/06/2015,,N/A,45.6,8,0.15,310.08,81.75,12.51
2109,11068,43,62,8,2,04/05/2015,01/06/2015,,N/A,46,36,0.15,1407.6,81.75,56.77
2110,11068,77,62,8,2,04/05/2015,01/06/2015,,N/A,13,28,0.15,309.4,81.75,12.48
2111,11069,39,80,1,2,04/05/2015,01/06/2015,06/05/2015,Shipped Early,18,20,0,360,15.67,15.67
2112,11070,1,44,2,1,05/05/2015,02/06/2015,,N/A,18,40,0.15,612,136,51.06
2113,11070,2,44,2,1,05/05/2015,02/06/2015,,N/A,19,20,0.15,323,136,26.95
2114,11070,16,44,2,1,05/05/2015,02/06/2015,,N/A,17.45,30,0.15,444.98,136,37.13
2115,11070,31,44,2,1,05/05/2015,02/06/2015,,N/A,12.5,20,0,250,136,20.86
2116,11071,7,46,1,1,05/05/2015,02/06/2015,,N/A,30,15,0.05,427.5,0.93,0.82
2117,11071,13,46,1,1,05/05/2015,02/06/2015,,N/A,6,10,0.05,57,0.93,0.11
2118,11072,2,20,4,2,05/05/2015,02/06/2015,,N/A,19,8,0,152,258.64,7.53
2119,11072,41,20,4,2,05/05/2015,02/06/2015,,N/A,9.65,40,0,386,258.64,19.13
2120,11072,50,20,4,2,05/05/2015,02/06/2015,,N/A,16.25,22,0,357.5,258.64,17.72
2121,11072,64,20,4,2,05/05/2015,02/06/2015,,N/A,33.25,130,0,4322.5,258.64,214.25
2122,11073,11,58,2,2,05/05/2015,02/06/2015,,N/A,21,10,0,210,24.95,17.47
2123,11073,24,58,2,2,05/05/2015,02/06/2015,,N/A,4.5,20,0,90,24.95,7.49
2124,11074,16,73,7,2,06/05/2015,03/06/2015,,N/A,17.45,14,0.05,232.09,18.44,18.44
2125,11075,2,68,8,2,06/05/2015,03/06/2015,,N/A,19,10,0.15,161.5,6.19,2.01
2126,11075,46,68,8,2,06/05/2015,03/06/2015,,N/A,12,30,0.15,306,6.19,3.8
2127,11075,76,68,8,2,06/05/2015,03/06/2015,,N/A,18,2,0.15,30.6,6.19,0.38
2128,11076,6,9,4,2,06/05/2015,03/06/2015,,N/A,25,20,0.25,375,38.28,18.11
2129,11076,14,9,4,2,06/05/2015,03/06/2015,,N/A,23.25,20,0.25,348.75,38.28,16.84
2130,11076,19,9,4,2,06/05/2015,03/06/2015,,N/A,9.2,10,0.25,69,38.28,3.33
2131,11077,2,65,1,2,06/05/2015,03/06/2015,,N/A,19,24,0.2,364.8,8.53,2.48
2132,11077,3,65,1,2,06/05/2015,03/06/2015,,N/A,10,4,0,40,8.53,0.27
2133,11077,4,65,1,2,06/05/2015,03/06/2015,,N/A,22,1,0,22,8.53,0.15
2134,11077,6,65,1,2,06/05/2015,03/06/2015,,N/A,25,1,0.02,24.5,8.53,0.17
2135,11077,7,65,1,2,06/05/2015,03/06/2015,,N/A,30,1,0.05,28.5,8.53,0.19
2136,11077,8,65,1,2,06/05/2015,03/06/2015,,N/A,40,2,0.1,72,8.53,0.49
2137,11077,10,65,1,2,06/05/2015,03/06/2015,,N/A,31,1,0,31,8.53,0.21
2138,11077,12,65,1,2,06/05/2015,03/06/2015,,N/A,38,2,0.05,72.2,8.53,0.49
2139,11077,13,65,1,2,06/05/2015,03/06/2015,,N/A,6,4,0,24,8.53,0.16
2140,11077,14,65,1,2,06/05/2015,03/06/2015,,N/A,23.25,1,0.03,22.55,8.53,0.15
2141,11077,16,65,1,2,06/05/2015,03/06/2015,,N/A,17.45,2,0.03,33.85,8.53,0.23
2142,11077,20,65,1,2,06/05/2015,03/06/2015,,N/A,81,1,0.04,77.76,8.53,0.53
2143,11077,23,65,1,2,06/05/2015,03/06/2015,,N/A,9,2,0,18,8.53,0.12
2144,11077,32,65,1,2,06/05/2015,03/06/2015,,N/A,32,1,0,32,8.53,0.22
2145,11077,39,65,1,2,06/05/2015,03/06/2015,,N/A,18,2,0.05,34.2,8.53,0.23
2146,11077,41,65,1,2,06/05/2015,03/06/2015,,N/A,9.65,3,0,28.95,8.53,0.2
2147,11077,46,65,1,2,06/05/2015,03/06/2015,,N/A,12,3,0.02,35.28,8.53,0.24
2148,11077,52,65,1,2,06/05/2015,03/06/2015,,N/A,7,2,0,14,8.53,0.1
2149,11077,55,65,1,2,06/05/2015,03/06/2015,,N/A,24,2,0,48,8.53,0.33
2150,11077,60,65,1,2,06/05/2015,03/06/2015,,N/A,34,2,0.06,63.92,8.53,0.43
2151,11077,64,65,1,2,06/05/2015,03/06/2015,,N/A,33.25,2,0.03,64.51,8.53,0.44
2152,11077,66,65,1,2,06/05/2015,03/06/2015,,N/A,17,1,0,17,8.53,0.12
2153,11077,73,65,1,2,06/05/2015,03/06/2015,,N/A,15,2,0.01,29.7,8.53,0.2
2154,11077,75,65,1,2,06/05/2015,03/06/2015,,N/A,7.75,4,0,31,8.53,0.21
2155,11077,77,65,1,2,06/05/2015,03/06/2015,,N/A,13,2,0,26,8.53,0.18